{
"meta":{"test_sets":[],"test_metrics":[],"learn_metrics":[{"best_value":"Min","name":"Logloss"}],"launch_mode":"Train","parameters":"","iteration_count":1000,"learn_sets":["learn"],"name":"experiment"},
"iterations":[
{"learn":[0.646915456],"iteration":0,"passed_time":0.00973211875,"remaining_time":9.722386632},
{"learn":[0.6083985283],"iteration":1,"passed_time":0.01787319941,"remaining_time":8.918726503},
{"learn":[0.5771835216],"iteration":2,"passed_time":0.02622210667,"remaining_time":8.714480116},
{"learn":[0.5420690819],"iteration":3,"passed_time":0.03393653321,"remaining_time":8.450196769},
{"learn":[0.5172121563],"iteration":4,"passed_time":0.04204863042,"remaining_time":8.367677455},
{"learn":[0.4914505822],"iteration":5,"passed_time":0.04940776046,"remaining_time":8.185218983},
{"learn":[0.4673464033],"iteration":6,"passed_time":0.05706068269,"remaining_time":8.094465416},
{"learn":[0.44780654],"iteration":7,"passed_time":0.06504354007,"remaining_time":8.065398969},
{"learn":[0.4278086153],"iteration":8,"passed_time":0.07218579026,"remaining_time":7.948457572},
{"learn":[0.4142667377],"iteration":9,"passed_time":0.07892823531,"remaining_time":7.813895296},
{"learn":[0.3955018634],"iteration":10,"passed_time":0.08559834482,"remaining_time":7.696069366},
{"learn":[0.3814436948],"iteration":11,"passed_time":0.09232790953,"remaining_time":7.601664551},
{"learn":[0.3708946137],"iteration":12,"passed_time":0.09845878751,"remaining_time":7.475294098},
{"learn":[0.3593668509],"iteration":13,"passed_time":0.1052883007,"remaining_time":7.41530461},
{"learn":[0.3498302137],"iteration":14,"passed_time":0.11238906,"remaining_time":7.380214943},
{"learn":[0.3411473042],"iteration":15,"passed_time":0.1186657003,"remaining_time":7.297940568},
{"learn":[0.3347242471],"iteration":16,"passed_time":0.1261956528,"remaining_time":7.297078043},
{"learn":[0.324860424],"iteration":17,"passed_time":0.1342130141,"remaining_time":7.322065547},
{"learn":[0.3165229969],"iteration":18,"passed_time":0.1424273707,"remaining_time":7.353750037},
{"learn":[0.3114232714],"iteration":19,"passed_time":0.1494425709,"remaining_time":7.322685975},
{"learn":[0.3062811074],"iteration":20,"passed_time":0.1576036421,"remaining_time":7.347331697},
{"learn":[0.2999291269],"iteration":21,"passed_time":0.1664671364,"remaining_time":7.400220882},
{"learn":[0.2953152934],"iteration":22,"passed_time":0.1750775986,"remaining_time":7.436991905},
{"learn":[0.2902812352],"iteration":23,"passed_time":0.1824901119,"remaining_time":7.421264551},
{"learn":[0.2863067496],"iteration":24,"passed_time":0.1911978874,"remaining_time":7.456717608},
{"learn":[0.2825588095],"iteration":25,"passed_time":0.1982522683,"remaining_time":7.426834973},
{"learn":[0.2789749115],"iteration":26,"passed_time":0.2056874684,"remaining_time":7.412366918},
{"learn":[0.2746144577],"iteration":27,"passed_time":0.2136192377,"remaining_time":7.415639252},
{"learn":[0.2710045229],"iteration":28,"passed_time":0.2202903852,"remaining_time":7.375929793},
{"learn":[0.2676095534],"iteration":29,"passed_time":0.2279225175,"remaining_time":7.369494732},
{"learn":[0.2638299604],"iteration":30,"passed_time":0.2343151365,"remaining_time":7.324237653},
{"learn":[0.2617462501],"iteration":31,"passed_time":0.2430272588,"remaining_time":7.351574577},
{"learn":[0.258655205],"iteration":32,"passed_time":0.2495855202,"remaining_time":7.313612062},
{"learn":[0.2564985588],"iteration":33,"passed_time":0.2583806314,"remaining_time":7.341049704},
{"learn":[0.2548743001],"iteration":34,"passed_time":0.2648752291,"remaining_time":7.302988458},
{"learn":[0.2527202778],"iteration":35,"passed_time":0.273123527,"remaining_time":7.313641113},
{"learn":[0.2509109936],"iteration":36,"passed_time":0.2808127287,"remaining_time":7.308720478},
{"learn":[0.2491947305],"iteration":37,"passed_time":0.2912855897,"remaining_time":7.374124665},
{"learn":[0.2475278441],"iteration":38,"passed_time":0.2997405109,"remaining_time":7.385913616},
{"learn":[0.2462436989],"iteration":39,"passed_time":0.3111577151,"remaining_time":7.467785163},
{"learn":[0.2451514718],"iteration":40,"passed_time":0.3211101447,"remaining_time":7.510844604},
{"learn":[0.2434068887],"iteration":41,"passed_time":0.3294278851,"remaining_time":7.51409319},
{"learn":[0.241503491],"iteration":42,"passed_time":0.3401885128,"remaining_time":7.571172251},
{"learn":[0.2404661128],"iteration":43,"passed_time":0.3479751939,"remaining_time":7.560551939},
{"learn":[0.2395309746],"iteration":44,"passed_time":0.3573811042,"remaining_time":7.584421211},
{"learn":[0.2381403963],"iteration":45,"passed_time":0.3650792565,"remaining_time":7.571426321},
{"learn":[0.2365780861],"iteration":46,"passed_time":0.3748402873,"remaining_time":7.600484974},
{"learn":[0.2356900639],"iteration":47,"passed_time":0.3821217071,"remaining_time":7.57874719},
{"learn":[0.2346036901],"iteration":48,"passed_time":0.3921677464,"remaining_time":7.61125565},
{"learn":[0.2331210318],"iteration":49,"passed_time":0.400843799,"remaining_time":7.616032181},
{"learn":[0.2322176045],"iteration":50,"passed_time":0.4097656862,"remaining_time":7.624855612},
{"learn":[0.230861964],"iteration":51,"passed_time":0.4184209399,"remaining_time":7.628135597},
{"learn":[0.2299701297],"iteration":52,"passed_time":0.4268410655,"remaining_time":7.626763944},
{"learn":[0.2287916834],"iteration":53,"passed_time":0.4361805969,"remaining_time":7.641237863},
{"learn":[0.2280805224],"iteration":54,"passed_time":0.443155238,"remaining_time":7.614212726},
{"learn":[0.2273730727],"iteration":55,"passed_time":0.4512865486,"remaining_time":7.607401819},
{"learn":[0.2267474245],"iteration":56,"passed_time":0.4585237647,"remaining_time":7.585752809},
{"learn":[0.2263044504],"iteration":57,"passed_time":0.4662513559,"remaining_time":7.572565125},
{"learn":[0.2255294891],"iteration":58,"passed_time":0.4744704576,"remaining_time":7.567401705},
{"learn":[0.2246073693],"iteration":59,"passed_time":0.483015952,"remaining_time":7.567249914},
{"learn":[0.2238021174],"iteration":60,"passed_time":0.4902493842,"remaining_time":7.546625767},
{"learn":[0.2231809626],"iteration":61,"passed_time":0.4975179572,"remaining_time":7.526965224},
{"learn":[0.2224223626],"iteration":62,"passed_time":0.5062612681,"remaining_time":7.529631877},
{"learn":[0.2218378612],"iteration":63,"passed_time":0.514105986,"remaining_time":7.518800045},
{"learn":[0.2210497831],"iteration":64,"passed_time":0.5222522653,"remaining_time":7.51239797},
{"learn":[0.2204521295],"iteration":65,"passed_time":0.5301643519,"remaining_time":7.502628859},
{"learn":[0.2200978849],"iteration":66,"passed_time":0.5375834515,"remaining_time":7.486050153},
{"learn":[0.2192880994],"iteration":67,"passed_time":0.5442152829,"remaining_time":7.458950642},
{"learn":[0.2189367461],"iteration":68,"passed_time":0.5528216072,"remaining_time":7.459085744},
{"learn":[0.2184124952],"iteration":69,"passed_time":0.5592478993,"remaining_time":7.430007805},
{"learn":[0.2177498479],"iteration":70,"passed_time":0.5686189107,"remaining_time":7.440098142},
{"learn":[0.2172988483],"iteration":71,"passed_time":0.5750978028,"remaining_time":7.412371681},
{"learn":[0.2169440638],"iteration":72,"passed_time":0.5841855226,"remaining_time":7.418355882},
{"learn":[0.2162121818],"iteration":73,"passed_time":0.5906171712,"remaining_time":7.390695953},
{"learn":[0.2157281719],"iteration":74,"passed_time":0.598498232,"remaining_time":7.381478195},
{"learn":[0.2152791048],"iteration":75,"passed_time":0.60516736,"remaining_time":7.357561061},
{"learn":[0.2150016033],"iteration":76,"passed_time":0.6133640059,"remaining_time":7.352402305},
{"learn":[0.2143995371],"iteration":77,"passed_time":0.6202869886,"remaining_time":7.332110301},
{"learn":[0.2139477679],"iteration":78,"passed_time":0.6281850004,"remaining_time":7.323523866},
{"learn":[0.2137995801],"iteration":79,"passed_time":0.6350972029,"remaining_time":7.303617834},
{"learn":[0.2133325067],"iteration":80,"passed_time":0.6412776682,"remaining_time":7.275730581},
{"learn":[0.2128584372],"iteration":81,"passed_time":0.6498947341,"remaining_time":7.275650804},
{"learn":[0.2124536328],"iteration":82,"passed_time":0.6558742847,"remaining_time":7.246225531},
{"learn":[0.2121096111],"iteration":83,"passed_time":0.6636056316,"remaining_time":7.236461411},
{"learn":[0.2115140819],"iteration":84,"passed_time":0.6708698471,"remaining_time":7.221716589},
{"learn":[0.2111925423],"iteration":85,"passed_time":0.6782293482,"remaining_time":7.208158422},
{"learn":[0.2106856392],"iteration":86,"passed_time":0.6845650108,"remaining_time":7.183998332},
{"learn":[0.210243982],"iteration":87,"passed_time":0.6908903789,"remaining_time":7.160136654},
{"learn":[0.2098663169],"iteration":88,"passed_time":0.6986183348,"remaining_time":7.151025876},
{"learn":[0.2095957383],"iteration":89,"passed_time":0.7065126428,"remaining_time":7.143627833},
{"learn":[0.2092390565],"iteration":90,"passed_time":0.7152913048,"remaining_time":7.145052704},
{"learn":[0.2090910478],"iteration":91,"passed_time":0.7216406149,"remaining_time":7.122279112},
{"learn":[0.2087284118],"iteration":92,"passed_time":0.7291239561,"remaining_time":7.110918583},
{"learn":[0.2084523332],"iteration":93,"passed_time":0.7392949693,"remaining_time":7.12554513},
{"learn":[0.208158213],"iteration":94,"passed_time":0.7486804851,"remaining_time":7.132166726},
{"learn":[0.2078795408],"iteration":95,"passed_time":0.7556987298,"remaining_time":7.116163039},
{"learn":[0.2076103448],"iteration":96,"passed_time":0.7653409216,"remaining_time":7.124771672},
{"learn":[0.2073472845],"iteration":97,"passed_time":0.774256704,"remaining_time":7.126321909},
{"learn":[0.2070135313],"iteration":98,"passed_time":0.7834748666,"remaining_time":7.130412674},
{"learn":[0.2068472867],"iteration":99,"passed_time":0.7905311983,"remaining_time":7.114780785},
{"learn":[0.2067941408],"iteration":100,"passed_time":0.7991908988,"remaining_time":7.113590277},
{"learn":[0.2063944983],"iteration":101,"passed_time":0.8073766695,"remaining_time":7.108080875},
{"learn":[0.2058086067],"iteration":102,"passed_time":0.8147464283,"remaining_time":7.09541307},
{"learn":[0.2053748994],"iteration":103,"passed_time":0.8224228385,"remaining_time":7.08548907},
{"learn":[0.2049942345],"iteration":104,"passed_time":0.8299213217,"remaining_time":7.074091266},
{"learn":[0.2047942328],"iteration":105,"passed_time":0.8360418903,"remaining_time":7.051145754},
{"learn":[0.204615487],"iteration":106,"passed_time":0.8451387261,"remaining_time":7.053354041},
{"learn":[0.2043666486],"iteration":107,"passed_time":0.8519298623,"remaining_time":7.036309603},
{"learn":[0.2040340509],"iteration":108,"passed_time":0.862354849,"remaining_time":7.049157527},
{"learn":[0.2037216192],"iteration":109,"passed_time":0.8690623008,"remaining_time":7.03150407},
{"learn":[0.203464397],"iteration":110,"passed_time":0.8789629862,"remaining_time":7.039622475},
{"learn":[0.2030846606],"iteration":111,"passed_time":0.8859229926,"remaining_time":7.024103727},
{"learn":[0.2026569679],"iteration":112,"passed_time":0.8958710643,"remaining_time":7.032191452},
{"learn":[0.2023611876],"iteration":113,"passed_time":0.9032744369,"remaining_time":7.020185536},
{"learn":[0.2021466941],"iteration":114,"passed_time":0.9118476225,"remaining_time":7.017262138},
{"learn":[0.2019711928],"iteration":115,"passed_time":0.9199358277,"remaining_time":7.010545446},
{"learn":[0.201755342],"iteration":116,"passed_time":0.9283950333,"remaining_time":7.006605251},
{"learn":[0.2013889772],"iteration":117,"passed_time":0.9367868741,"remaining_time":7.00208494},
{"learn":[0.2011886703],"iteration":118,"passed_time":0.9444898175,"remaining_time":6.992399405},
{"learn":[0.2009437147],"iteration":119,"passed_time":0.9543429533,"remaining_time":6.998514991},
{"learn":[0.2008344459],"iteration":120,"passed_time":0.9608423989,"remaining_time":6.980003873},
{"learn":[0.2002836964],"iteration":121,"passed_time":0.9687724287,"remaining_time":6.971985184},
{"learn":[0.2000245417],"iteration":122,"passed_time":0.9767149092,"remaining_time":6.964056711},
{"learn":[0.1997835825],"iteration":123,"passed_time":0.9851876341,"remaining_time":6.959873931},
{"learn":[0.1995044739],"iteration":124,"passed_time":0.9922280392,"remaining_time":6.945596274},
{"learn":[0.1992181672],"iteration":125,"passed_time":0.9990801143,"remaining_time":6.930127142},
{"learn":[0.1988627721],"iteration":126,"passed_time":1.007691909,"remaining_time":6.926890052},
{"learn":[0.1985246113],"iteration":127,"passed_time":1.014262606,"remaining_time":6.909664004},
{"learn":[0.1981946173],"iteration":128,"passed_time":1.023081579,"remaining_time":6.907783372},
{"learn":[0.1980851542],"iteration":129,"passed_time":1.029206799,"remaining_time":6.887768575},
{"learn":[0.1979730546],"iteration":130,"passed_time":1.037944279,"remaining_time":6.885294494},
{"learn":[0.1977418062],"iteration":131,"passed_time":1.043912913,"remaining_time":6.864518246},
{"learn":[0.1974645796],"iteration":132,"passed_time":1.053731108,"remaining_time":6.869059178},
{"learn":[0.1973080458],"iteration":133,"passed_time":1.059760446,"remaining_time":6.848899597},
{"learn":[0.1970605573],"iteration":134,"passed_time":1.069346959,"remaining_time":6.851741628},
{"learn":[0.1969331585],"iteration":135,"passed_time":1.075181267,"remaining_time":6.830563341},
{"learn":[0.1966182088],"iteration":136,"passed_time":1.084234838,"remaining_time":6.829888064},
{"learn":[0.1964519819],"iteration":137,"passed_time":1.090477327,"remaining_time":6.81153229},
{"learn":[0.1963226202],"iteration":138,"passed_time":1.09907444,"remaining_time":6.80793592},
{"learn":[0.1960202474],"iteration":139,"passed_time":1.105457592,"remaining_time":6.790668064},
{"learn":[0.1958515859],"iteration":140,"passed_time":1.116285192,"remaining_time":6.800631062},
{"learn":[0.1954977979],"iteration":141,"passed_time":1.122527628,"remaining_time":6.782596516},
{"learn":[0.1951250349],"iteration":142,"passed_time":1.13110166,"remaining_time":6.778700157},
{"learn":[0.1948867929],"iteration":143,"passed_time":1.138243245,"remaining_time":6.766223736},
{"learn":[0.1945872155],"iteration":144,"passed_time":1.147007687,"remaining_time":6.763390156},
{"learn":[0.19436232],"iteration":145,"passed_time":1.153767199,"remaining_time":6.748747865},
{"learn":[0.1942111828],"iteration":146,"passed_time":1.161259885,"remaining_time":6.738467226},
{"learn":[0.1940192722],"iteration":147,"passed_time":1.169435775,"remaining_time":6.732157297},
{"learn":[0.1938421815],"iteration":148,"passed_time":1.175523208,"remaining_time":6.713894295},
{"learn":[0.1937378777],"iteration":149,"passed_time":1.185411863,"remaining_time":6.71733389},
{"learn":[0.1935595078],"iteration":150,"passed_time":1.191221343,"remaining_time":6.697661721},
{"learn":[0.1934051892],"iteration":151,"passed_time":1.1997971,"remaining_time":6.693604875},
{"learn":[0.1931760551],"iteration":152,"passed_time":1.206298856,"remaining_time":6.67800739},
{"learn":[0.1927151529],"iteration":153,"passed_time":1.213300124,"remaining_time":6.665272107},
{"learn":[0.1924540177],"iteration":154,"passed_time":1.219114801,"remaining_time":6.646141978},
{"learn":[0.1922060371],"iteration":155,"passed_time":1.225757405,"remaining_time":6.63166186},
{"learn":[0.1920496118],"iteration":156,"passed_time":1.231766683,"remaining_time":6.61388098},
{"learn":[0.1918866521],"iteration":157,"passed_time":1.237632695,"remaining_time":6.595485625},
{"learn":[0.1916592689],"iteration":158,"passed_time":1.244355042,"remaining_time":6.581777297},
{"learn":[0.1915010447],"iteration":159,"passed_time":1.250339451,"remaining_time":6.56428212},
{"learn":[0.1913376712],"iteration":160,"passed_time":1.256638516,"remaining_time":6.548569658},
{"learn":[0.1909710617],"iteration":161,"passed_time":1.263122397,"remaining_time":6.533929435},
{"learn":[0.1906535588],"iteration":162,"passed_time":1.269272831,"remaining_time":6.517677054},
{"learn":[0.1904270636],"iteration":163,"passed_time":1.27601057,"remaining_time":6.504541686},
{"learn":[0.1901156764],"iteration":164,"passed_time":1.281797153,"remaining_time":6.486670443},
{"learn":[0.1898615877],"iteration":165,"passed_time":1.287827573,"remaining_time":6.470169854},
{"learn":[0.1896702701],"iteration":166,"passed_time":1.294541934,"remaining_time":6.457206176},
{"learn":[0.1894535236],"iteration":167,"passed_time":1.300576727,"remaining_time":6.440951411},
{"learn":[0.189343233],"iteration":168,"passed_time":1.307053813,"remaining_time":6.426992416},
{"learn":[0.1890295801],"iteration":169,"passed_time":1.312972112,"remaining_time":6.410393252},
{"learn":[0.1888709573],"iteration":170,"passed_time":1.318717761,"remaining_time":6.393082009},
{"learn":[0.1886063656],"iteration":171,"passed_time":1.325007315,"remaining_time":6.378523585},
{"learn":[0.1883796939],"iteration":172,"passed_time":1.330826241,"remaining_time":6.361810991},
{"learn":[0.1882019548],"iteration":173,"passed_time":1.336546001,"remaining_time":6.344752857},
{"learn":[0.1879569488],"iteration":174,"passed_time":1.343468479,"remaining_time":6.333494258},
{"learn":[0.1876588751],"iteration":175,"passed_time":1.349457469,"remaining_time":6.317914515},
{"learn":[0.1874044837],"iteration":176,"passed_time":1.35601483,"remaining_time":6.305085906},
{"learn":[0.1872131156],"iteration":177,"passed_time":1.361895669,"remaining_time":6.289203594},
{"learn":[0.1870796037],"iteration":178,"passed_time":1.368060081,"remaining_time":6.274733668},
{"learn":[0.186879153],"iteration":179,"passed_time":1.374351183,"remaining_time":6.260933166},
{"learn":[0.1866251451],"iteration":180,"passed_time":1.38057343,"remaining_time":6.246904086},
{"learn":[0.1863779668],"iteration":181,"passed_time":1.386541065,"remaining_time":6.231816437},
{"learn":[0.1861992715],"iteration":182,"passed_time":1.393724416,"remaining_time":6.222255998},
{"learn":[0.1860836599],"iteration":183,"passed_time":1.399658178,"remaining_time":6.207179744},
{"learn":[0.1858533526],"iteration":184,"passed_time":1.406764265,"remaining_time":6.197366898},
{"learn":[0.1856591008],"iteration":185,"passed_time":1.413073668,"remaining_time":6.184096591},
{"learn":[0.1855330265],"iteration":186,"passed_time":1.418992176,"remaining_time":6.169201277},
{"learn":[0.1854304838],"iteration":187,"passed_time":1.426822063,"remaining_time":6.162656997},
{"learn":[0.1852814634],"iteration":188,"passed_time":1.432834965,"remaining_time":6.148302417},
{"learn":[0.185097432],"iteration":189,"passed_time":1.440064387,"remaining_time":6.13922186},
{"learn":[0.1848451347],"iteration":190,"passed_time":1.446509162,"remaining_time":6.126837234},
{"learn":[0.1846599604],"iteration":191,"passed_time":1.452873357,"remaining_time":6.114175376},
{"learn":[0.1844385818],"iteration":192,"passed_time":1.460293929,"remaining_time":6.105995857},
{"learn":[0.1842907825],"iteration":193,"passed_time":1.466588997,"remaining_time":6.093148103},
{"learn":[0.1840720379],"iteration":194,"passed_time":1.474801622,"remaining_time":6.08828362},
{"learn":[0.1839653071],"iteration":195,"passed_time":1.480848901,"remaining_time":6.074502636},
{"learn":[0.1838117075],"iteration":196,"passed_time":1.488397419,"remaining_time":6.066919429},
{"learn":[0.1836626391],"iteration":197,"passed_time":1.495015949,"remaining_time":6.055569651},
{"learn":[0.1836121297],"iteration":198,"passed_time":1.50156833,"remaining_time":6.044001169},
{"learn":[0.1834235469],"iteration":199,"passed_time":1.510112424,"remaining_time":6.040449697},
{"learn":[0.1832353501],"iteration":200,"passed_time":1.519001511,"remaining_time":6.038219937},
{"learn":[0.1831323003],"iteration":201,"passed_time":1.526911118,"remaining_time":6.032054812},
{"learn":[0.1828931375],"iteration":202,"passed_time":1.535408701,"remaining_time":6.02818096},
{"learn":[0.1826908122],"iteration":203,"passed_time":1.542774431,"remaining_time":6.019845329},
{"learn":[0.1825370435],"iteration":204,"passed_time":1.550400729,"remaining_time":6.012529656},
{"learn":[0.1824228675],"iteration":205,"passed_time":1.558827061,"remaining_time":6.008294593},
{"learn":[0.1822766148],"iteration":206,"passed_time":1.568693117,"remaining_time":6.009534502},
{"learn":[0.1820906029],"iteration":207,"passed_time":1.575637075,"remaining_time":5.999541171},
{"learn":[0.1818464294],"iteration":208,"passed_time":1.583535179,"remaining_time":5.993188165},
{"learn":[0.1817802904],"iteration":209,"passed_time":1.589822614,"remaining_time":5.980761263},
{"learn":[0.1816575893],"iteration":210,"passed_time":1.599445953,"remaining_time":5.980866619},
{"learn":[0.1815807075],"iteration":211,"passed_time":1.608148873,"remaining_time":5.977459018},
{"learn":[0.1814387917],"iteration":212,"passed_time":1.616578929,"remaining_time":5.972993508},
{"learn":[0.181198491],"iteration":213,"passed_time":1.623972308,"remaining_time":5.964683337},
{"learn":[0.1810727927],"iteration":214,"passed_time":1.633187283,"remaining_time":5.963032637},
{"learn":[0.180977622],"iteration":215,"passed_time":1.640090191,"remaining_time":5.952919952},
{"learn":[0.1807286626],"iteration":216,"passed_time":1.64686467,"remaining_time":5.942373441},
{"learn":[0.1805034844],"iteration":217,"passed_time":1.654430797,"remaining_time":5.934701299},
{"learn":[0.1803758737],"iteration":218,"passed_time":1.663268238,"remaining_time":5.931563898},
{"learn":[0.1802044949],"iteration":219,"passed_time":1.671453657,"remaining_time":5.926062967},
{"learn":[0.1800081187],"iteration":220,"passed_time":1.680779572,"remaining_time":5.924557859},
{"learn":[0.1797972079],"iteration":221,"passed_time":1.68864727,"remaining_time":5.917871964},
{"learn":[0.179655943],"iteration":222,"passed_time":1.696007333,"remaining_time":5.909406717},
{"learn":[0.1795018161],"iteration":223,"passed_time":1.704493933,"remaining_time":5.904853982},
{"learn":[0.1792587528],"iteration":224,"passed_time":1.712209644,"remaining_time":5.897610996},
{"learn":[0.179031579],"iteration":225,"passed_time":1.723171774,"remaining_time":5.901482094},
{"learn":[0.1789058655],"iteration":226,"passed_time":1.732507933,"remaining_time":5.899685604},
{"learn":[0.178727208],"iteration":227,"passed_time":1.739320729,"remaining_time":5.889278958},
{"learn":[0.1785582436],"iteration":228,"passed_time":1.749648944,"remaining_time":5.890739457},
{"learn":[0.1784751176],"iteration":229,"passed_time":1.756544462,"remaining_time":5.880605373},
{"learn":[0.1783796366],"iteration":230,"passed_time":1.767063227,"remaining_time":5.882561133},
{"learn":[0.1781790093],"iteration":231,"passed_time":1.774788856,"remaining_time":5.87516311},
{"learn":[0.1780906682],"iteration":232,"passed_time":1.782946991,"remaining_time":5.869186016},
{"learn":[0.1779772592],"iteration":233,"passed_time":1.789905545,"remaining_time":5.85926345},
{"learn":[0.1777699536],"iteration":234,"passed_time":1.797236941,"remaining_time":5.850579828},
{"learn":[0.1776470961],"iteration":235,"passed_time":1.803425196,"remaining_time":5.838206989},
{"learn":[0.1775195283],"iteration":236,"passed_time":1.810316182,"remaining_time":5.828148722},
{"learn":[0.1773255325],"iteration":237,"passed_time":1.818122259,"remaining_time":5.821046896},
{"learn":[0.1771819819],"iteration":238,"passed_time":1.824447078,"remaining_time":5.809222706},
{"learn":[0.1770103154],"iteration":239,"passed_time":1.834238456,"remaining_time":5.808421777},
{"learn":[0.1768071134],"iteration":240,"passed_time":1.841011514,"remaining_time":5.798040412},
{"learn":[0.1765416488],"iteration":241,"passed_time":1.850837578,"remaining_time":5.797251588},
{"learn":[0.1763433767],"iteration":242,"passed_time":1.856800676,"remaining_time":5.784354368},
{"learn":[0.1762233474],"iteration":243,"passed_time":1.865799553,"remaining_time":5.780919926},
{"learn":[0.1760343572],"iteration":244,"passed_time":1.874044019,"remaining_time":5.775115243},
{"learn":[0.1758911849],"iteration":245,"passed_time":1.88302053,"remaining_time":5.77153447},
{"learn":[0.1756096429],"iteration":246,"passed_time":1.902763468,"remaining_time":5.800732355},
{"learn":[0.1755134694],"iteration":247,"passed_time":1.922839658,"remaining_time":5.830546059},
{"learn":[0.1754164671],"iteration":248,"passed_time":1.983061386,"remaining_time":5.981040566},
{"learn":[0.1753585427],"iteration":249,"passed_time":1.99077884,"remaining_time":5.972336521},
{"learn":[0.1751264214],"iteration":250,"passed_time":2.000293048,"remaining_time":5.969001963},
{"learn":[0.1748801514],"iteration":251,"passed_time":2.009811776,"remaining_time":5.965631779},
{"learn":[0.1747321199],"iteration":252,"passed_time":2.019419166,"remaining_time":5.962474772},
{"learn":[0.1746203433],"iteration":253,"passed_time":2.031801067,"remaining_time":5.967415731},
{"learn":[0.1744581656],"iteration":254,"passed_time":2.03891023,"remaining_time":5.956816163},
{"learn":[0.1742864816],"iteration":255,"passed_time":2.04641969,"remaining_time":5.947407224},
{"learn":[0.1741073333],"iteration":256,"passed_time":2.05491007,"remaining_time":5.940848959},
{"learn":[0.1739970704],"iteration":257,"passed_time":2.064086067,"remaining_time":5.936247526},
{"learn":[0.1738726046],"iteration":258,"passed_time":2.070337501,"remaining_time":5.923243584},
{"learn":[0.1736775605],"iteration":259,"passed_time":2.078502663,"remaining_time":5.915738349},
{"learn":[0.1734960697],"iteration":260,"passed_time":2.085460754,"remaining_time":5.904810333},
{"learn":[0.173399403],"iteration":261,"passed_time":2.095543101,"remaining_time":5.902713009},
{"learn":[0.1731903074],"iteration":262,"passed_time":2.103421832,"remaining_time":5.894379811},
{"learn":[0.1730669049],"iteration":263,"passed_time":2.113149626,"remaining_time":5.891205018},
{"learn":[0.1729151257],"iteration":264,"passed_time":2.120447348,"remaining_time":5.881240759},
{"learn":[0.1726680584],"iteration":265,"passed_time":2.131140261,"remaining_time":5.880665231},
{"learn":[0.1725468131],"iteration":266,"passed_time":2.139703019,"remaining_time":5.874165967},
{"learn":[0.1723181709],"iteration":267,"passed_time":2.147384284,"remaining_time":5.865243643},
{"learn":[0.1722328247],"iteration":268,"passed_time":2.154503922,"remaining_time":5.854804339},
{"learn":[0.1720552646],"iteration":269,"passed_time":2.163327037,"remaining_time":5.848995321},
{"learn":[0.1718448079],"iteration":270,"passed_time":2.171766765,"remaining_time":5.842132736},
{"learn":[0.1717450808],"iteration":271,"passed_time":2.179438354,"remaining_time":5.833202653},
{"learn":[0.1715545276],"iteration":272,"passed_time":2.189159145,"remaining_time":5.829738822},
{"learn":[0.1714495338],"iteration":273,"passed_time":2.195781031,"remaining_time":5.818018352},
{"learn":[0.1712994689],"iteration":274,"passed_time":2.204892455,"remaining_time":5.81289829},
{"learn":[0.1712381108],"iteration":275,"passed_time":2.21129889,"remaining_time":5.80065361},
{"learn":[0.1710518681],"iteration":276,"passed_time":2.218614409,"remaining_time":5.790823891},
{"learn":[0.1709032626],"iteration":277,"passed_time":2.226966037,"remaining_time":5.783703162},
{"learn":[0.170810654],"iteration":278,"passed_time":2.233970407,"remaining_time":5.773091984},
{"learn":[0.1706704046],"iteration":279,"passed_time":2.242167293,"remaining_time":5.765573039},
{"learn":[0.17047049],"iteration":280,"passed_time":2.251097674,"remaining_time":5.759926076},
{"learn":[0.1703649942],"iteration":281,"passed_time":2.258450053,"remaining_time":5.750238079},
{"learn":[0.1702060371],"iteration":282,"passed_time":2.266059803,"remaining_time":5.741218653},
{"learn":[0.1700648303],"iteration":283,"passed_time":2.274323342,"remaining_time":5.733857439},
{"learn":[0.1698717074],"iteration":284,"passed_time":2.280587116,"remaining_time":5.721472939},
{"learn":[0.1697138087],"iteration":285,"passed_time":2.289222614,"remaining_time":5.715052261},
{"learn":[0.1696410532],"iteration":286,"passed_time":2.29562948,"remaining_time":5.703079511},
{"learn":[0.1694262028],"iteration":287,"passed_time":2.305692017,"remaining_time":5.700183041},
{"learn":[0.169285474],"iteration":288,"passed_time":2.311859759,"remaining_time":5.687654978},
{"learn":[0.1691894493],"iteration":289,"passed_time":2.320216106,"remaining_time":5.680529087},
{"learn":[0.1689761215],"iteration":290,"passed_time":2.32657555,"remaining_time":5.668529432},
{"learn":[0.1688864496],"iteration":291,"passed_time":2.333969194,"remaining_time":5.659075991},
{"learn":[0.1687736738],"iteration":292,"passed_time":2.340122645,"remaining_time":5.646644063},
{"learn":[0.1686451208],"iteration":293,"passed_time":2.346516212,"remaining_time":5.634831449},
{"learn":[0.1684700206],"iteration":294,"passed_time":2.35422281,"remaining_time":5.626193495},
{"learn":[0.1682844843],"iteration":295,"passed_time":2.360187976,"remaining_time":5.613420051},
{"learn":[0.1681263598],"iteration":296,"passed_time":2.370103549,"remaining_time":5.610043081},
{"learn":[0.1679689468],"iteration":297,"passed_time":2.376198086,"remaining_time":5.597620994},
{"learn":[0.1677741954],"iteration":298,"passed_time":2.382886851,"remaining_time":5.586634391},
{"learn":[0.1676121389],"iteration":299,"passed_time":2.388587833,"remaining_time":5.573371611},
{"learn":[0.167481324],"iteration":300,"passed_time":2.394738683,"remaining_time":5.561203784},
{"learn":[0.1673329898],"iteration":301,"passed_time":2.40262709,"remaining_time":5.553091751},
{"learn":[0.1671906287],"iteration":302,"passed_time":2.408927358,"remaining_time":5.541327949},
{"learn":[0.1671328002],"iteration":303,"passed_time":2.417365308,"remaining_time":5.534494257},
{"learn":[0.167004087],"iteration":304,"passed_time":2.425251265,"remaining_time":5.526392227},
{"learn":[0.1668813506],"iteration":305,"passed_time":2.434398132,"remaining_time":5.521151319},
{"learn":[0.1666197701],"iteration":306,"passed_time":2.441080648,"remaining_time":5.510322114},
{"learn":[0.1665109554],"iteration":307,"passed_time":2.449540463,"remaining_time":5.503512988},
{"learn":[0.1663820113],"iteration":308,"passed_time":2.456223427,"remaining_time":5.492719702},
{"learn":[0.1662698789],"iteration":309,"passed_time":2.463940823,"remaining_time":5.48425538},
{"learn":[0.1661243565],"iteration":310,"passed_time":2.470897269,"remaining_time":5.474110027},
{"learn":[0.1660217987],"iteration":311,"passed_time":2.478431557,"remaining_time":5.465259331},
{"learn":[0.1658265515],"iteration":312,"passed_time":2.485185267,"remaining_time":5.454703766},
{"learn":[0.1657306631],"iteration":313,"passed_time":2.493158776,"remaining_time":5.446837325},
{"learn":[0.1655038122],"iteration":314,"passed_time":2.50160648,"remaining_time":5.440001394},
{"learn":[0.1654086315],"iteration":315,"passed_time":2.508943333,"remaining_time":5.430750759},
{"learn":[0.1652260155],"iteration":316,"passed_time":2.518744621,"remaining_time":5.426822006},
{"learn":[0.1651205134],"iteration":317,"passed_time":2.526294781,"remaining_time":5.41802843},
{"learn":[0.1650417166],"iteration":318,"passed_time":2.533308165,"remaining_time":5.408096741},
{"learn":[0.1649234686],"iteration":319,"passed_time":2.539971369,"remaining_time":5.397439158},
{"learn":[0.1647808161],"iteration":320,"passed_time":2.548104786,"remaining_time":5.389916353},
{"learn":[0.1647156256],"iteration":321,"passed_time":2.554794936,"remaining_time":5.379350829},
{"learn":[0.1645589619],"iteration":322,"passed_time":2.563031529,"remaining_time":5.372050605},
{"learn":[0.1644783916],"iteration":323,"passed_time":2.569550608,"remaining_time":5.361161145},
{"learn":[0.1643691643],"iteration":324,"passed_time":2.577205265,"remaining_time":5.352657088},
{"learn":[0.1642158523],"iteration":325,"passed_time":2.584784461,"remaining_time":5.344002229},
{"learn":[0.1640715839],"iteration":326,"passed_time":2.59234686,"remaining_time":5.335319378},
{"learn":[0.1638626623],"iteration":327,"passed_time":2.599069639,"remaining_time":5.324923162},
{"learn":[0.1637714893],"iteration":328,"passed_time":2.605490176,"remaining_time":5.313932852},
{"learn":[0.1636074485],"iteration":329,"passed_time":2.613230981,"remaining_time":5.30565078},
{"learn":[0.1634744399],"iteration":330,"passed_time":2.619289358,"remaining_time":5.293971542},
{"learn":[0.1633763629],"iteration":331,"passed_time":2.626650001,"remaining_time":5.284946388},
{"learn":[0.1632346274],"iteration":332,"passed_time":2.633128001,"remaining_time":5.274163292},
{"learn":[0.1631622163],"iteration":333,"passed_time":2.640149657,"remaining_time":5.264490034},
{"learn":[0.16304993],"iteration":334,"passed_time":2.646813172,"remaining_time":5.25412167},
{"learn":[0.1629844885],"iteration":335,"passed_time":2.652918745,"remaining_time":5.242672758},
{"learn":[0.1628286384],"iteration":336,"passed_time":2.660391256,"remaining_time":5.233944816},
{"learn":[0.1626469635],"iteration":337,"passed_time":2.666207598,"remaining_time":5.221980561},
{"learn":[0.162529876],"iteration":338,"passed_time":2.673327292,"remaining_time":5.212593923},
{"learn":[0.1623711132],"iteration":339,"passed_time":2.679348788,"remaining_time":5.201088824},
{"learn":[0.1621231869],"iteration":340,"passed_time":2.685359041,"remaining_time":5.189594159},
{"learn":[0.1620331769],"iteration":341,"passed_time":2.693137971,"remaining_time":5.181534458},
{"learn":[0.161925963],"iteration":342,"passed_time":2.699339853,"remaining_time":5.170455638},
{"learn":[0.161817784],"iteration":343,"passed_time":2.706720719,"remaining_time":5.161653465},
{"learn":[0.1617446917],"iteration":344,"passed_time":2.712866543,"remaining_time":5.150514741},
{"learn":[0.1616336606],"iteration":345,"passed_time":2.718649545,"remaining_time":5.138719082},
{"learn":[0.1614808191],"iteration":346,"passed_time":2.726282832,"remaining_time":5.130440027},
{"learn":[0.1614008858],"iteration":347,"passed_time":2.732068183,"remaining_time":5.118702457},
{"learn":[0.1612593358],"iteration":348,"passed_time":2.739432974,"remaining_time":5.109945175},
{"learn":[0.1611276228],"iteration":349,"passed_time":2.74576869,"remaining_time":5.09928471},
{"learn":[0.1609965859],"iteration":350,"passed_time":2.752508916,"remaining_time":5.089396828},
{"learn":[0.1608014145],"iteration":351,"passed_time":2.760397706,"remaining_time":5.081641231},
{"learn":[0.1607372635],"iteration":352,"passed_time":2.766564506,"remaining_time":5.070728712},
{"learn":[0.1606038639],"iteration":353,"passed_time":2.773603139,"remaining_time":5.061433978},
{"learn":[0.1605388437],"iteration":354,"passed_time":2.779497547,"remaining_time":5.050073007},
{"learn":[0.1604068128],"iteration":355,"passed_time":2.787019314,"remaining_time":5.041686623},
{"learn":[0.1602837926],"iteration":356,"passed_time":2.793229422,"remaining_time":5.030942628},
{"learn":[0.1601356299],"iteration":357,"passed_time":2.799383551,"remaining_time":5.020123575},
{"learn":[0.1600427615],"iteration":358,"passed_time":2.807025652,"remaining_time":5.011987307},
{"learn":[0.159890798],"iteration":359,"passed_time":2.812999673,"remaining_time":5.000888307},
{"learn":[0.1598128755],"iteration":360,"passed_time":2.819777423,"remaining_time":4.991240369},
{"learn":[0.1596935729],"iteration":361,"passed_time":2.826200469,"remaining_time":4.980983147},
{"learn":[0.1596388375],"iteration":362,"passed_time":2.832221034,"remaining_time":4.970040768},
{"learn":[0.1595296443],"iteration":363,"passed_time":2.83958113,"remaining_time":4.961465931},
{"learn":[0.1594060855],"iteration":364,"passed_time":2.845378768,"remaining_time":4.9501795},
{"learn":[0.1592957847],"iteration":365,"passed_time":2.852298146,"remaining_time":4.940866188},
{"learn":[0.1591819279],"iteration":366,"passed_time":2.858583312,"remaining_time":4.930472034},
{"learn":[0.159085246],"iteration":367,"passed_time":2.864784166,"remaining_time":4.919955415},
{"learn":[0.1589678255],"iteration":368,"passed_time":2.872304645,"remaining_time":4.911718782},
{"learn":[0.1588882012],"iteration":369,"passed_time":2.878184581,"remaining_time":4.900692665},
{"learn":[0.1586909319],"iteration":370,"passed_time":2.884953544,"remaining_time":4.89120156},
{"learn":[0.1586399116],"iteration":371,"passed_time":2.891280174,"remaining_time":4.880978358},
{"learn":[0.1585619487],"iteration":372,"passed_time":2.897748502,"remaining_time":4.871014239},
{"learn":[0.1584905695],"iteration":373,"passed_time":2.905906016,"remaining_time":4.863896167},
{"learn":[0.1583891924],"iteration":374,"passed_time":2.911767667,"remaining_time":4.852946112},
{"learn":[0.1582575071],"iteration":375,"passed_time":2.91870898,"remaining_time":4.843814902},
{"learn":[0.1580876572],"iteration":376,"passed_time":2.924594565,"remaining_time":4.8329507},
{"learn":[0.157973075],"iteration":377,"passed_time":2.93061008,"remaining_time":4.82232664},
{"learn":[0.1579217658],"iteration":378,"passed_time":2.937442755,"remaining_time":4.813065833},
{"learn":[0.1578252833],"iteration":379,"passed_time":2.943117609,"remaining_time":4.80192873},
{"learn":[0.1577467136],"iteration":380,"passed_time":2.949635695,"remaining_time":4.792190276},
{"learn":[0.1576884108],"iteration":381,"passed_time":2.95524331,"remaining_time":4.780995722},
{"learn":[0.1575692293],"iteration":382,"passed_time":2.961102183,"remaining_time":4.77023511},
{"learn":[0.1574220556],"iteration":383,"passed_time":2.967949875,"remaining_time":4.761086257},
{"learn":[0.1573446503],"iteration":384,"passed_time":2.974042843,"remaining_time":4.750743763},
{"learn":[0.1571461574],"iteration":385,"passed_time":2.980290518,"remaining_time":4.740669373},
{"learn":[0.1570419546],"iteration":386,"passed_time":2.987091243,"remaining_time":4.73149078},
{"learn":[0.1569297339],"iteration":387,"passed_time":2.993277107,"remaining_time":4.721354612},
{"learn":[0.1568611614],"iteration":388,"passed_time":3.000379276,"remaining_time":4.712677988},
{"learn":[0.1567799843],"iteration":389,"passed_time":3.006601562,"remaining_time":4.702633213},
{"learn":[0.1566691083],"iteration":390,"passed_time":3.013043912,"remaining_time":4.692950748},
{"learn":[0.1565861689],"iteration":391,"passed_time":3.020216423,"remaining_time":4.684417309},
{"learn":[0.1564730122],"iteration":392,"passed_time":3.026249478,"remaining_time":4.674130874},
{"learn":[0.1563953281],"iteration":393,"passed_time":3.033356315,"remaining_time":4.665517581},
{"learn":[0.1562941301],"iteration":394,"passed_time":3.039293475,"remaining_time":4.655120386},
{"learn":[0.1561935932],"iteration":395,"passed_time":3.045731244,"remaining_time":4.645509271},
{"learn":[0.1560741228],"iteration":396,"passed_time":3.052717796,"remaining_time":4.636747685},
{"learn":[0.1559490287],"iteration":397,"passed_time":3.058737322,"remaining_time":4.626532332},
{"learn":[0.1558629899],"iteration":398,"passed_time":3.065636263,"remaining_time":4.617662642},
{"learn":[0.1557075321],"iteration":399,"passed_time":3.071897716,"remaining_time":4.607846574},
{"learn":[0.1556393861],"iteration":400,"passed_time":3.079385569,"remaining_time":4.599880189},
{"learn":[0.1555249918],"iteration":401,"passed_time":3.085350983,"remaining_time":4.589651462},
{"learn":[0.1554546432],"iteration":402,"passed_time":3.091115838,"remaining_time":4.579146787},
{"learn":[0.1553922191],"iteration":403,"passed_time":3.097742834,"remaining_time":4.569937449},
{"learn":[0.1552044147],"iteration":404,"passed_time":3.103570913,"remaining_time":4.559567144},
{"learn":[0.1550531741],"iteration":405,"passed_time":3.109724428,"remaining_time":4.549695345},
{"learn":[0.1549492198],"iteration":406,"passed_time":3.116501383,"remaining_time":4.540750172},
{"learn":[0.1547723044],"iteration":407,"passed_time":3.12257905,"remaining_time":4.530800975},
{"learn":[0.1546364953],"iteration":408,"passed_time":3.129327425,"remaining_time":4.521839874},
{"learn":[0.1545445894],"iteration":409,"passed_time":3.135395184,"remaining_time":4.511910143},
{"learn":[0.1543913733],"iteration":410,"passed_time":3.141572323,"remaining_time":4.502155957},
{"learn":[0.1542975247],"iteration":411,"passed_time":3.148035603,"remaining_time":4.492827512},
{"learn":[0.1541938126],"iteration":412,"passed_time":3.154841877,"remaining_time":4.48400044},
{"learn":[0.1540968456],"iteration":413,"passed_time":3.161964793,"remaining_time":4.475631325},
{"learn":[0.153987607],"iteration":414,"passed_time":3.167873199,"remaining_time":4.465556196},
{"learn":[0.1538607305],"iteration":415,"passed_time":3.173961186,"remaining_time":4.455753203},
{"learn":[0.1536928649],"iteration":416,"passed_time":3.180578456,"remaining_time":4.446708009},
{"learn":[0.1536244135],"iteration":417,"passed_time":3.18650763,"remaining_time":4.436716365},
{"learn":[0.1534893059],"iteration":418,"passed_time":3.192262046,"remaining_time":4.426501787},
{"learn":[0.1533582942],"iteration":419,"passed_time":3.198902897,"remaining_time":4.417532571},
{"learn":[0.1532166042],"iteration":420,"passed_time":3.204942039,"remaining_time":4.40774689},
{"learn":[0.1531323806],"iteration":421,"passed_time":3.21122802,"remaining_time":4.398317051},
{"learn":[0.1529840262],"iteration":422,"passed_time":3.217271142,"remaining_time":4.388570802},
{"learn":[0.1529164188],"iteration":423,"passed_time":3.222885309,"remaining_time":4.378259288},
{"learn":[0.1527706845],"iteration":424,"passed_time":3.229434189,"remaining_time":4.369234491},
{"learn":[0.1526916141],"iteration":425,"passed_time":3.235216785,"remaining_time":4.359188814},
{"learn":[0.1525769713],"iteration":426,"passed_time":3.24113499,"remaining_time":4.349345081},
{"learn":[0.1524054828],"iteration":427,"passed_time":3.24797125,"remaining_time":4.340746624},
{"learn":[0.1522992742],"iteration":428,"passed_time":3.253640913,"remaining_time":4.330603639},
{"learn":[0.1522082399],"iteration":429,"passed_time":3.26007147,"remaining_time":4.321490088},
{"learn":[0.1520729166],"iteration":430,"passed_time":3.265980109,"remaining_time":4.311699958},
{"learn":[0.1519068057],"iteration":431,"passed_time":3.27173384,"remaining_time":4.301724123},
{"learn":[0.1518469273],"iteration":432,"passed_time":3.278465153,"remaining_time":4.293047902},
{"learn":[0.1516796357],"iteration":433,"passed_time":3.2841761,"remaining_time":4.283049937},
{"learn":[0.1516019629],"iteration":434,"passed_time":3.290207724,"remaining_time":4.273488193},
{"learn":[0.1515065425],"iteration":435,"passed_time":3.296591643,"remaining_time":4.264398364},
{"learn":[0.1514354257],"iteration":436,"passed_time":3.30244273,"remaining_time":4.254634455},
{"learn":[0.151357541],"iteration":437,"passed_time":3.309216482,"remaining_time":4.24607229},
{"learn":[0.1512588849],"iteration":438,"passed_time":3.315067632,"remaining_time":4.236339275},
{"learn":[0.1511306876],"iteration":439,"passed_time":3.321615777,"remaining_time":4.227510989},
{"learn":[0.1510573733],"iteration":440,"passed_time":3.328538673,"remaining_time":4.219168068},
{"learn":[0.1508686252],"iteration":441,"passed_time":3.334749633,"remaining_time":4.209932795},
{"learn":[0.1508240826],"iteration":442,"passed_time":3.341859318,"remaining_time":4.201841175},
{"learn":[0.150668949],"iteration":443,"passed_time":3.348563075,"remaining_time":4.193245652},
{"learn":[0.1505149029],"iteration":444,"passed_time":3.354410814,"remaining_time":4.183591015},
{"learn":[0.1503901482],"iteration":445,"passed_time":3.3616102,"remaining_time":4.175632401},
{"learn":[0.1503333566],"iteration":446,"passed_time":3.367335623,"remaining_time":4.16585369},
{"learn":[0.1501791919],"iteration":447,"passed_time":3.373966469,"remaining_time":4.157208685},
{"learn":[0.1500971797],"iteration":448,"passed_time":3.380497748,"remaining_time":4.148450466},
{"learn":[0.1500150905],"iteration":449,"passed_time":3.386272287,"remaining_time":4.13877724},
{"learn":[0.1498943498],"iteration":450,"passed_time":3.394761025,"remaining_time":4.132425283},
{"learn":[0.1497747255],"iteration":451,"passed_time":3.400731811,"remaining_time":4.123011134},
{"learn":[0.1496599654],"iteration":452,"passed_time":3.408638442,"remaining_time":4.115949731},
{"learn":[0.1495294811],"iteration":453,"passed_time":3.416264349,"remaining_time":4.108546993},
{"learn":[0.1494218735],"iteration":454,"passed_time":3.424213263,"remaining_time":4.101530173},
{"learn":[0.1493088329],"iteration":455,"passed_time":3.431155792,"remaining_time":4.093308664},
{"learn":[0.1491571608],"iteration":456,"passed_time":3.438508669,"remaining_time":4.085580322},
{"learn":[0.1490405691],"iteration":457,"passed_time":3.44659116,"remaining_time":4.07871705},
{"learn":[0.1489180131],"iteration":458,"passed_time":3.452839957,"remaining_time":4.069687182},
{"learn":[0.1487916096],"iteration":459,"passed_time":3.461766132,"remaining_time":4.063812416},
{"learn":[0.1486202989],"iteration":460,"passed_time":3.468445437,"remaining_time":4.055297377},
{"learn":[0.1484544757],"iteration":461,"passed_time":3.477465205,"remaining_time":4.049515758},
{"learn":[0.1483235094],"iteration":462,"passed_time":3.48385495,"remaining_time":4.04066978},
{"learn":[0.1482251624],"iteration":463,"passed_time":3.492265107,"remaining_time":4.034168313},
{"learn":[0.1481186032],"iteration":464,"passed_time":3.499115063,"remaining_time":4.025863567},
{"learn":[0.1480380858],"iteration":465,"passed_time":3.507440328,"remaining_time":4.019255655},
{"learn":[0.1479773824],"iteration":466,"passed_time":3.514013335,"remaining_time":4.010640487},
{"learn":[0.1478074404],"iteration":467,"passed_time":3.522587372,"remaining_time":4.004308722},
{"learn":[0.1477191574],"iteration":468,"passed_time":3.529163318,"remaining_time":3.995705164},
{"learn":[0.1476535015],"iteration":469,"passed_time":3.53583167,"remaining_time":3.987214436},
{"learn":[0.1475670022],"iteration":470,"passed_time":3.545670612,"remaining_time":3.982292471},
{"learn":[0.1473944742],"iteration":471,"passed_time":3.553685678,"remaining_time":3.975309402},
{"learn":[0.1472713556],"iteration":472,"passed_time":3.56115445,"remaining_time":3.967713309},
{"learn":[0.1471463965],"iteration":473,"passed_time":3.568158511,"remaining_time":3.959602061},
{"learn":[0.1470476294],"iteration":474,"passed_time":3.576001007,"remaining_time":3.952422165},
{"learn":[0.1469341233],"iteration":475,"passed_time":3.583779431,"remaining_time":3.945168953},
{"learn":[0.1468528301],"iteration":476,"passed_time":3.592664986,"remaining_time":3.939127437},
{"learn":[0.1467632516],"iteration":477,"passed_time":3.60153621,"remaining_time":3.933058371},
{"learn":[0.1466422031],"iteration":478,"passed_time":3.608411324,"remaining_time":3.924806472},
{"learn":[0.1465723363],"iteration":479,"passed_time":3.615251712,"remaining_time":3.916522688},
{"learn":[0.1464764176],"iteration":480,"passed_time":3.624085802,"remaining_time":3.910396115},
{"learn":[0.1463093228],"iteration":481,"passed_time":3.631235953,"remaining_time":3.902448597},
{"learn":[0.1461783629],"iteration":482,"passed_time":3.64201433,"remaining_time":3.898388009},
{"learn":[0.1460693286],"iteration":483,"passed_time":3.64933611,"remaining_time":3.89061453},
{"learn":[0.1459705754],"iteration":484,"passed_time":3.658906745,"remaining_time":3.885230873},
{"learn":[0.1458138272],"iteration":485,"passed_time":3.670229871,"remaining_time":3.881683444},
{"learn":[0.1456777343],"iteration":486,"passed_time":3.677224132,"remaining_time":3.873544107},
{"learn":[0.1455643404],"iteration":487,"passed_time":3.684807505,"remaining_time":3.866027546},
{"learn":[0.1454389322],"iteration":488,"passed_time":3.69239704,"remaining_time":3.858517152},
{"learn":[0.1452912326],"iteration":489,"passed_time":3.703700947,"remaining_time":3.854872414},
{"learn":[0.1452015834],"iteration":490,"passed_time":3.711230544,"remaining_time":3.847283802},
{"learn":[0.1451324622],"iteration":491,"passed_time":3.718736317,"remaining_time":3.839670831},
{"learn":[0.1450850169],"iteration":492,"passed_time":3.726510952,"remaining_time":3.832334792},
{"learn":[0.1450359582],"iteration":493,"passed_time":3.736418835,"remaining_time":3.827182045},
{"learn":[0.1449016478],"iteration":494,"passed_time":3.74959174,"remaining_time":3.825341068},
{"learn":[0.1447829759],"iteration":495,"passed_time":3.757870939,"remaining_time":3.818481761},
{"learn":[0.1446510888],"iteration":496,"passed_time":3.767477214,"remaining_time":3.812959837},
{"learn":[0.1445528149],"iteration":497,"passed_time":3.774510426,"remaining_time":3.804827779},
{"learn":[0.1445017694],"iteration":498,"passed_time":3.784181636,"remaining_time":3.799348697},
{"learn":[0.1444060941],"iteration":499,"passed_time":3.791970577,"remaining_time":3.791970577},
{"learn":[0.1442560103],"iteration":500,"passed_time":3.801178283,"remaining_time":3.786003918},
{"learn":[0.1441477291],"iteration":501,"passed_time":3.807756174,"remaining_time":3.777415487},
{"learn":[0.1440424932],"iteration":502,"passed_time":3.819004349,"remaining_time":3.773449625},
{"learn":[0.1439102415],"iteration":503,"passed_time":3.826854892,"remaining_time":3.766111164},
{"learn":[0.1438038248],"iteration":504,"passed_time":3.835957027,"remaining_time":3.759997482},
{"learn":[0.1436758243],"iteration":505,"passed_time":3.844862059,"remaining_time":3.75367956},
{"learn":[0.1435639064],"iteration":506,"passed_time":3.853375096,"remaining_time":3.746970261},
{"learn":[0.1434881523],"iteration":507,"passed_time":3.8630034,"remaining_time":3.741334002},
{"learn":[0.1433553052],"iteration":508,"passed_time":3.870826893,"remaining_time":3.73394107},
{"learn":[0.1432347613],"iteration":509,"passed_time":3.880577931,"remaining_time":3.728398404},
{"learn":[0.1431715261],"iteration":510,"passed_time":3.887446872,"remaining_time":3.720081253},
{"learn":[0.1431237201],"iteration":511,"passed_time":3.897361655,"remaining_time":3.714672828},
{"learn":[0.1430564129],"iteration":512,"passed_time":3.903870917,"remaining_time":3.706013911},
{"learn":[0.1428989178],"iteration":513,"passed_time":3.913213926,"remaining_time":3.700042739},
{"learn":[0.1427954694],"iteration":514,"passed_time":3.920001047,"remaining_time":3.691651471},
{"learn":[0.142642826],"iteration":515,"passed_time":3.928288953,"remaining_time":3.684674134},
{"learn":[0.1425640053],"iteration":516,"passed_time":3.936439472,"remaining_time":3.677563375},
{"learn":[0.1424020926],"iteration":517,"passed_time":3.94555735,"remaining_time":3.671348731},
{"learn":[0.1423338469],"iteration":518,"passed_time":3.95299886,"remaining_time":3.663569271},
{"learn":[0.142179778],"iteration":519,"passed_time":3.961596812,"remaining_time":3.656858596},
{"learn":[0.1420605637],"iteration":520,"passed_time":3.968357915,"remaining_time":3.648451903},
{"learn":[0.1420091435],"iteration":521,"passed_time":3.976031462,"remaining_time":3.640887047},
{"learn":[0.1417888094],"iteration":522,"passed_time":3.982657375,"remaining_time":3.632366286},
{"learn":[0.1417250091],"iteration":523,"passed_time":3.991986573,"remaining_time":3.626308414},
{"learn":[0.1416807515],"iteration":524,"passed_time":3.999581361,"remaining_time":3.618668851},
{"learn":[0.1416196949],"iteration":525,"passed_time":4.007779014,"remaining_time":3.611572724},
{"learn":[0.1415558934],"iteration":526,"passed_time":4.016763693,"remaining_time":3.605178799},
{"learn":[0.141463334],"iteration":527,"passed_time":4.0250862,"remaining_time":3.598183118},
{"learn":[0.141355483],"iteration":528,"passed_time":4.031858891,"remaining_time":3.589802528},
{"learn":[0.141156435],"iteration":529,"passed_time":4.041068297,"remaining_time":3.583588867},
{"learn":[0.1410913316],"iteration":530,"passed_time":4.047748857,"remaining_time":3.575130346},
{"learn":[0.1410089309],"iteration":531,"passed_time":4.054219609,"remaining_time":3.566493942},
{"learn":[0.1408917109],"iteration":532,"passed_time":4.060714511,"remaining_time":3.557886823},
{"learn":[0.1408372279],"iteration":533,"passed_time":4.067100544,"remaining_time":3.54919261},
{"learn":[0.1406592717],"iteration":534,"passed_time":4.073779341,"remaining_time":3.540761483},
{"learn":[0.1405552821],"iteration":535,"passed_time":4.079502494,"remaining_time":3.531509622},
{"learn":[0.1404625688],"iteration":536,"passed_time":4.086032185,"remaining_time":3.522966298},
{"learn":[0.1403095798],"iteration":537,"passed_time":4.093411618,"remaining_time":3.515160163},
{"learn":[0.1402477827],"iteration":538,"passed_time":4.099894031,"remaining_time":3.506588401},
{"learn":[0.1401958667],"iteration":539,"passed_time":4.106367692,"remaining_time":3.498016923},
{"learn":[0.1401530586],"iteration":540,"passed_time":4.112100619,"remaining_time":3.488824739},
{"learn":[0.140023832],"iteration":541,"passed_time":4.118340738,"remaining_time":3.480073908},
{"learn":[0.1399638792],"iteration":542,"passed_time":4.124659264,"remaining_time":3.471398313},
{"learn":[0.1398307672],"iteration":543,"passed_time":4.130922319,"remaining_time":3.462684885},
{"learn":[0.1396853621],"iteration":544,"passed_time":4.137445645,"remaining_time":3.454197741},
{"learn":[0.1395919777],"iteration":545,"passed_time":4.143269247,"remaining_time":3.445135967},
{"learn":[0.1394964349],"iteration":546,"passed_time":4.149580708,"remaining_time":3.436490056},
{"learn":[0.1393669257],"iteration":547,"passed_time":4.156720484,"remaining_time":3.428535874},
{"learn":[0.1393251709],"iteration":548,"passed_time":4.162948263,"remaining_time":3.419835459},
{"learn":[0.1392150001],"iteration":549,"passed_time":4.169837885,"remaining_time":3.411685542},
{"learn":[0.1391507999],"iteration":550,"passed_time":4.175638737,"remaining_time":3.402652982},
{"learn":[0.1390530647],"iteration":551,"passed_time":4.181591976,"remaining_time":3.393755807},
{"learn":[0.1389349794],"iteration":552,"passed_time":4.188052688,"remaining_time":3.385279478},
{"learn":[0.1388808331],"iteration":553,"passed_time":4.193741511,"remaining_time":3.376189014},
{"learn":[0.1387826047],"iteration":554,"passed_time":4.19972786,"remaining_time":3.367349365},
{"learn":[0.1387417871],"iteration":555,"passed_time":4.207318962,"remaining_time":3.359801473},
{"learn":[0.1386495494],"iteration":556,"passed_time":4.213333924,"remaining_time":3.350999872},
{"learn":[0.1385836929],"iteration":557,"passed_time":4.219638061,"remaining_time":3.342437317},
{"learn":[0.1385087097],"iteration":558,"passed_time":4.225297496,"remaining_time":3.333374232},
{"learn":[0.1383875993],"iteration":559,"passed_time":4.231110072,"remaining_time":3.324443628},
{"learn":[0.1382594979],"iteration":560,"passed_time":4.238012714,"remaining_time":3.316377151},
{"learn":[0.138115348],"iteration":561,"passed_time":4.244169265,"remaining_time":3.307733342},
{"learn":[0.1380819253],"iteration":562,"passed_time":4.25091618,"remaining_time":3.299556609},
{"learn":[0.138014584],"iteration":563,"passed_time":4.25689735,"remaining_time":3.290792987},
{"learn":[0.1379445697],"iteration":564,"passed_time":4.262811391,"remaining_time":3.281987531},
{"learn":[0.1379019192],"iteration":565,"passed_time":4.269537326,"remaining_time":3.27381484},
{"learn":[0.1378158577],"iteration":566,"passed_time":4.277135428,"remaining_time":3.266313299},
{"learn":[0.1377699665],"iteration":567,"passed_time":4.28524369,"remaining_time":3.259199426},
{"learn":[0.1377240173],"iteration":568,"passed_time":4.29242292,"remaining_time":3.251378345},
{"learn":[0.1376467987],"iteration":569,"passed_time":4.299601223,"remaining_time":3.243558817},
{"learn":[0.137537815],"iteration":570,"passed_time":4.307270632,"remaining_time":3.23611051},
{"learn":[0.1374628355],"iteration":571,"passed_time":4.313776685,"remaining_time":3.227790946},
{"learn":[0.1373228333],"iteration":572,"passed_time":4.322715583,"remaining_time":3.22129067},
{"learn":[0.1372544879],"iteration":573,"passed_time":4.328791475,"remaining_time":3.212657087},
{"learn":[0.137200189],"iteration":574,"passed_time":4.335440703,"remaining_time":3.204456172},
{"learn":[0.1371585692],"iteration":575,"passed_time":4.341228704,"remaining_time":3.195626685},
{"learn":[0.1371275735],"iteration":576,"passed_time":4.346973151,"remaining_time":3.186775811},
{"learn":[0.1370349258],"iteration":577,"passed_time":4.353193571,"remaining_time":3.178283195},
{"learn":[0.1369363051],"iteration":578,"passed_time":4.359151125,"remaining_time":3.169607295},
{"learn":[0.1368160059],"iteration":579,"passed_time":4.366201702,"remaining_time":3.161732267},
{"learn":[0.1367763653],"iteration":580,"passed_time":4.373636338,"remaining_time":3.154137049},
{"learn":[0.1367095438],"iteration":581,"passed_time":4.383225795,"remaining_time":3.148090004},
{"learn":[0.1366229764],"iteration":582,"passed_time":4.390094786,"remaining_time":3.14008495},
{"learn":[0.1365907432],"iteration":583,"passed_time":4.397818481,"remaining_time":3.132692616},
{"learn":[0.1364934911],"iteration":584,"passed_time":4.405671906,"remaining_time":3.125391181},
{"learn":[0.1364326099],"iteration":585,"passed_time":4.414139643,"remaining_time":3.118521864},
{"learn":[0.1363576127],"iteration":586,"passed_time":4.42276777,"remaining_time":3.111759947},
{"learn":[0.1362490944],"iteration":587,"passed_time":4.431672069,"remaining_time":3.105185191},
{"learn":[0.1362105248],"iteration":588,"passed_time":4.439931425,"remaining_time":3.098152488},
{"learn":[0.1361527847],"iteration":589,"passed_time":4.447182277,"remaining_time":3.090414803},
{"learn":[0.1361108381],"iteration":590,"passed_time":4.453353723,"remaining_time":3.081931765},
{"learn":[0.1359890378],"iteration":591,"passed_time":4.459138223,"remaining_time":3.073189856},
{"learn":[0.1358579656],"iteration":592,"passed_time":4.466825531,"remaining_time":3.065763897},
{"learn":[0.1358293213],"iteration":593,"passed_time":4.472578567,"remaining_time":3.05701498},
{"learn":[0.1357598746],"iteration":594,"passed_time":4.478914277,"remaining_time":3.048672743},
{"learn":[0.1357244751],"iteration":595,"passed_time":4.484738693,"remaining_time":3.039990658},
{"learn":[0.1355713877],"iteration":596,"passed_time":4.491086192,"remaining_time":3.031671248},
{"learn":[0.1355434309],"iteration":597,"passed_time":4.49789581,"remaining_time":3.02366909},
{"learn":[0.1354996944],"iteration":598,"passed_time":4.50383063,"remaining_time":3.01508528},
{"learn":[0.1353840386],"iteration":599,"passed_time":4.51044929,"remaining_time":3.006966193},
{"learn":[0.1353097643],"iteration":600,"passed_time":4.516418905,"remaining_time":2.998421203},
{"learn":[0.13525775],"iteration":601,"passed_time":4.523168199,"remaining_time":2.990400238},
{"learn":[0.1351648853],"iteration":602,"passed_time":4.530165386,"remaining_time":2.982546697},
{"learn":[0.1351115956],"iteration":603,"passed_time":4.536510875,"remaining_time":2.97426872},
{"learn":[0.1349808867],"iteration":604,"passed_time":4.543442918,"remaining_time":2.966380087},
{"learn":[0.1349528441],"iteration":605,"passed_time":4.551722513,"remaining_time":2.959370743},
{"learn":[0.134909433],"iteration":606,"passed_time":4.561504993,"remaining_time":2.953330251},
{"learn":[0.1347865289],"iteration":607,"passed_time":4.570026849,"remaining_time":2.946464679},
{"learn":[0.1346863262],"iteration":608,"passed_time":4.579178046,"remaining_time":2.939997727},
{"learn":[0.1345959504],"iteration":609,"passed_time":4.586686815,"remaining_time":2.932471898},
{"learn":[0.134463227],"iteration":610,"passed_time":4.599419821,"remaining_time":2.928272194},
{"learn":[0.1343739083],"iteration":611,"passed_time":4.608076239,"remaining_time":2.921460099},
{"learn":[0.1343485111],"iteration":612,"passed_time":4.61726938,"remaining_time":2.914980832},
{"learn":[0.1342231634],"iteration":613,"passed_time":4.627442464,"remaining_time":2.909108781},
{"learn":[0.1341343229],"iteration":614,"passed_time":4.63467996,"remaining_time":2.901385016},
{"learn":[0.1340724375],"iteration":615,"passed_time":4.642768652,"remaining_time":2.894193446},
{"learn":[0.1340113216],"iteration":616,"passed_time":4.650502306,"remaining_time":2.886778579},
{"learn":[0.1339595293],"iteration":617,"passed_time":4.658699849,"remaining_time":2.879649421},
{"learn":[0.1339216447],"iteration":618,"passed_time":4.665011452,"remaining_time":2.871355998},
{"learn":[0.1338588283],"iteration":619,"passed_time":4.672116129,"remaining_time":2.863555047},
{"learn":[0.1337792697],"iteration":620,"passed_time":4.679392617,"remaining_time":2.855861195},
{"learn":[0.1337396581],"iteration":621,"passed_time":4.686026722,"remaining_time":2.847778297},
{"learn":[0.1336521093],"iteration":622,"passed_time":4.694416342,"remaining_time":2.840762377},
{"learn":[0.1336102889],"iteration":623,"passed_time":4.701452697,"remaining_time":2.832926625},
{"learn":[0.1335237367],"iteration":624,"passed_time":4.712133391,"remaining_time":2.827280034},
{"learn":[0.1334932241],"iteration":625,"passed_time":4.718299043,"remaining_time":2.818919876},
{"learn":[0.1333248666],"iteration":626,"passed_time":4.725916983,"remaining_time":2.811430677},
{"learn":[0.1332249629],"iteration":627,"passed_time":4.732854199,"remaining_time":2.803537838},
{"learn":[0.1331608762],"iteration":628,"passed_time":4.741173606,"remaining_time":2.796463287},
{"learn":[0.1331301682],"iteration":629,"passed_time":4.748429447,"remaining_time":2.788760151},
{"learn":[0.1330280695],"iteration":630,"passed_time":4.756435851,"remaining_time":2.781497352},
{"learn":[0.1329204229],"iteration":631,"passed_time":4.763077833,"remaining_time":2.773437725},
{"learn":[0.1328213391],"iteration":632,"passed_time":4.77111384,"remaining_time":2.766190804},
{"learn":[0.1327443035],"iteration":633,"passed_time":4.779217286,"remaining_time":2.758980326},
{"learn":[0.1325862471],"iteration":634,"passed_time":4.78676504,"remaining_time":2.751447621},
{"learn":[0.1324921916],"iteration":635,"passed_time":4.794961662,"remaining_time":2.744286234},
{"learn":[0.1323811907],"iteration":636,"passed_time":4.803330551,"remaining_time":2.737219764},
{"learn":[0.1323563031],"iteration":637,"passed_time":4.810578859,"remaining_time":2.729513397},
{"learn":[0.1323081589],"iteration":638,"passed_time":4.817623852,"remaining_time":2.7216936},
{"learn":[0.1322741231],"iteration":639,"passed_time":4.826046814,"remaining_time":2.714651333},
{"learn":[0.1322362145],"iteration":640,"passed_time":4.833725692,"remaining_time":2.707188024},
{"learn":[0.1321304488],"iteration":641,"passed_time":4.842437371,"remaining_time":2.700299967},
{"learn":[0.1320673763],"iteration":642,"passed_time":4.848895618,"remaining_time":2.69215511},
{"learn":[0.1319644577],"iteration":643,"passed_time":4.857651487,"remaining_time":2.685285605},
{"learn":[0.1319038553],"iteration":644,"passed_time":4.864489971,"remaining_time":2.677354945},
{"learn":[0.1318360195],"iteration":645,"passed_time":4.873992675,"remaining_time":2.670887627},
{"learn":[0.1317680223],"iteration":646,"passed_time":4.880518397,"remaining_time":2.662786699},
{"learn":[0.1316735858],"iteration":647,"passed_time":4.890225304,"remaining_time":2.656418684},
{"learn":[0.1315961527],"iteration":648,"passed_time":4.897307004,"remaining_time":2.648620583},
{"learn":[0.1314747687],"iteration":649,"passed_time":4.906615743,"remaining_time":2.642023861},
{"learn":[0.1314267141],"iteration":650,"passed_time":4.912955189,"remaining_time":2.633826975},
{"learn":[0.1313840662],"iteration":651,"passed_time":4.922274025,"remaining_time":2.627226013},
{"learn":[0.1312593644],"iteration":652,"passed_time":4.928580624,"remaining_time":2.619016044},
{"learn":[0.1311706916],"iteration":653,"passed_time":4.936472823,"remaining_time":2.61165076},
{"learn":[0.1310976081],"iteration":654,"passed_time":5.024424165,"remaining_time":2.646452423},
{"learn":[0.1309925173],"iteration":655,"passed_time":5.03241661,"remaining_time":2.638950174},
{"learn":[0.1308878149],"iteration":656,"passed_time":5.04083614,"remaining_time":2.6316694},
{"learn":[0.1307945516],"iteration":657,"passed_time":5.051534134,"remaining_time":2.625569413},
{"learn":[0.1307146398],"iteration":658,"passed_time":5.058204325,"remaining_time":2.617371282},
{"learn":[0.130636306],"iteration":659,"passed_time":5.067419425,"remaining_time":2.610488795},
{"learn":[0.1305769638],"iteration":660,"passed_time":5.076142322,"remaining_time":2.603346819},
{"learn":[0.130488952],"iteration":661,"passed_time":5.085342,"remaining_time":2.596443499},
{"learn":[0.130441185],"iteration":662,"passed_time":5.091736858,"remaining_time":2.588107573},
{"learn":[0.1303966891],"iteration":663,"passed_time":5.099879177,"remaining_time":2.580661752},
{"learn":[0.1302987848],"iteration":664,"passed_time":5.106199768,"remaining_time":2.572296124},
{"learn":[0.1301762868],"iteration":665,"passed_time":5.113746971,"remaining_time":2.564551784},
{"learn":[0.1300845411],"iteration":666,"passed_time":5.121559682,"remaining_time":2.556940591},
{"learn":[0.13002134],"iteration":667,"passed_time":5.128126045,"remaining_time":2.548709352},
{"learn":[0.1299045918],"iteration":668,"passed_time":5.136848897,"remaining_time":2.541550052},
{"learn":[0.1297938004],"iteration":669,"passed_time":5.144698708,"remaining_time":2.53395608},
{"learn":[0.1296722687],"iteration":670,"passed_time":5.152692305,"remaining_time":2.526431846},
{"learn":[0.1296463757],"iteration":671,"passed_time":5.162478769,"remaining_time":2.519781304},
{"learn":[0.1295423672],"iteration":672,"passed_time":5.17099078,"remaining_time":2.512502207},
{"learn":[0.1294455932],"iteration":673,"passed_time":5.178197756,"remaining_time":2.504588232},
{"learn":[0.1293932963],"iteration":674,"passed_time":5.185580417,"remaining_time":2.496760941},
{"learn":[0.1292895362],"iteration":675,"passed_time":5.192101015,"remaining_time":2.488521788},
{"learn":[0.1292349018],"iteration":676,"passed_time":5.200418948,"remaining_time":2.481145229},
{"learn":[0.1291024382],"iteration":677,"passed_time":5.206649356,"remaining_time":2.472774473},
{"learn":[0.1290668205],"iteration":678,"passed_time":5.214305539,"remaining_time":2.465084062},
{"learn":[0.1290162051],"iteration":679,"passed_time":5.220784111,"remaining_time":2.456839582},
{"learn":[0.1289246044],"iteration":680,"passed_time":5.228851211,"remaining_time":2.4493444},
{"learn":[0.1288414039],"iteration":681,"passed_time":5.235642547,"remaining_time":2.441252683},
{"learn":[0.1287526454],"iteration":682,"passed_time":5.242953154,"remaining_time":2.433405783},
{"learn":[0.1286860421],"iteration":683,"passed_time":5.251020012,"remaining_time":2.42590983},
{"learn":[0.1285562238],"iteration":684,"passed_time":5.257772801,"remaining_time":2.417807931},
{"learn":[0.1284456821],"iteration":685,"passed_time":5.266699437,"remaining_time":2.41070499},
{"learn":[0.1283723211],"iteration":686,"passed_time":5.272912253,"remaining_time":2.402360313},
{"learn":[0.1282890259],"iteration":687,"passed_time":5.282023536,"remaining_time":2.395336255},
{"learn":[0.1282015578],"iteration":688,"passed_time":5.288084194,"remaining_time":2.38692915},
{"learn":[0.1281450489],"iteration":689,"passed_time":5.298968739,"remaining_time":2.3806961},
{"learn":[0.1280444602],"iteration":690,"passed_time":5.306148322,"remaining_time":2.37279281},
{"learn":[0.1280126597],"iteration":691,"passed_time":5.315408782,"remaining_time":2.365817782},
{"learn":[0.1279373194],"iteration":692,"passed_time":5.322102711,"remaining_time":2.357699181},
{"learn":[0.1278893809],"iteration":693,"passed_time":5.330899488,"remaining_time":2.350511878},
{"learn":[0.1278234462],"iteration":694,"passed_time":5.337183192,"remaining_time":2.342217084},
{"learn":[0.127770405],"iteration":695,"passed_time":5.346851732,"remaining_time":2.335406504},
{"learn":[0.1276770963],"iteration":696,"passed_time":5.35287891,"remaining_time":2.327004748},
{"learn":[0.1276533326],"iteration":697,"passed_time":5.362136504,"remaining_time":2.320007484},
{"learn":[0.1275757242],"iteration":698,"passed_time":5.369841144,"remaining_time":2.312335028},
{"learn":[0.1275032866],"iteration":699,"passed_time":5.378425763,"remaining_time":2.305039613},
{"learn":[0.1274094064],"iteration":700,"passed_time":5.385420238,"remaining_time":2.29706227},
{"learn":[0.1273217088],"iteration":701,"passed_time":5.393986311,"remaining_time":2.289754873},
{"learn":[0.1272302696],"iteration":702,"passed_time":5.401935642,"remaining_time":2.282183337},
{"learn":[0.1271413874],"iteration":703,"passed_time":5.410584556,"remaining_time":2.27490487},
{"learn":[0.1270358815],"iteration":704,"passed_time":5.417566354,"remaining_time":2.266924928},
{"learn":[0.1269830434],"iteration":705,"passed_time":5.426282578,"remaining_time":2.259670082},
{"learn":[0.126960569],"iteration":706,"passed_time":5.432491806,"remaining_time":2.251372134},
{"learn":[0.1268607738],"iteration":707,"passed_time":5.440443215,"remaining_time":2.243798614},
{"learn":[0.126814759],"iteration":708,"passed_time":5.446636136,"remaining_time":2.235502279},
{"learn":[0.1267487523],"iteration":709,"passed_time":5.453853983,"remaining_time":2.2276305},
{"learn":[0.1266980323],"iteration":710,"passed_time":5.460197167,"remaining_time":2.219405037},
{"learn":[0.1265602894],"iteration":711,"passed_time":5.466912872,"remaining_time":2.211335544},
{"learn":[0.1264235027],"iteration":712,"passed_time":5.475583313,"remaining_time":2.204056677},
{"learn":[0.1263980613],"iteration":713,"passed_time":5.482014506,"remaining_time":2.195876959},
{"learn":[0.1263200581],"iteration":714,"passed_time":5.489583181,"remaining_time":2.188155534},
{"learn":[0.1262804099],"iteration":715,"passed_time":5.496202175,"remaining_time":2.180057846},
{"learn":[0.1261985819],"iteration":716,"passed_time":5.502560291,"remaining_time":2.171861314},
{"learn":[0.1260953757],"iteration":717,"passed_time":5.508518363,"remaining_time":2.163512783},
{"learn":[0.1260745084],"iteration":718,"passed_time":5.514590947,"remaining_time":2.155215655},
{"learn":[0.1259921985],"iteration":719,"passed_time":5.521846375,"remaining_time":2.147384702},
{"learn":[0.1259176718],"iteration":720,"passed_time":5.527668609,"remaining_time":2.139000752},
{"learn":[0.1258750101],"iteration":721,"passed_time":5.534561384,"remaining_time":2.131036101},
{"learn":[0.1257993532],"iteration":722,"passed_time":5.54160421,"remaining_time":2.123131903},
{"learn":[0.1256942875],"iteration":723,"passed_time":5.547647201,"remaining_time":2.114848933},
{"learn":[0.1256050811],"iteration":724,"passed_time":5.553656034,"remaining_time":2.106559185},
{"learn":[0.1255584343],"iteration":725,"passed_time":5.56031513,"remaining_time":2.098521137},
{"learn":[0.1255290861],"iteration":726,"passed_time":5.566844413,"remaining_time":2.090438136},
{"learn":[0.1254405067],"iteration":727,"passed_time":5.573107951,"remaining_time":2.082260114},
{"learn":[0.1254126723],"iteration":728,"passed_time":5.579023241,"remaining_time":2.073957885},
{"learn":[0.1253271368],"iteration":729,"passed_time":5.586265367,"remaining_time":2.066152944},
{"learn":[0.1252523402],"iteration":730,"passed_time":5.593422923,"remaining_time":2.058318422},
{"learn":[0.1251919837],"iteration":731,"passed_time":5.599475723,"remaining_time":2.050081276},
{"learn":[0.1251336229],"iteration":732,"passed_time":5.605929055,"remaining_time":2.041995986},
{"learn":[0.1250438905],"iteration":733,"passed_time":5.611888109,"remaining_time":2.033736018},
{"learn":[0.1250024334],"iteration":734,"passed_time":5.619597859,"remaining_time":2.026113514},
{"learn":[0.1248757751],"iteration":735,"passed_time":5.626005728,"remaining_time":2.018023794},
{"learn":[0.1247761174],"iteration":736,"passed_time":5.632808735,"remaining_time":2.010079643},
{"learn":[0.1246743],"iteration":737,"passed_time":5.638964273,"remaining_time":2.001908726},
{"learn":[0.1245934156],"iteration":738,"passed_time":5.645165454,"remaining_time":1.993759382},
{"learn":[0.1245511688],"iteration":739,"passed_time":5.650873663,"remaining_time":1.985442098},
{"learn":[0.1244968926],"iteration":740,"passed_time":5.657107842,"remaining_time":1.977315696},
{"learn":[0.1243861289],"iteration":741,"passed_time":5.662926029,"remaining_time":1.969049751},
{"learn":[0.1242977564],"iteration":742,"passed_time":5.669468036,"remaining_time":1.961040761},
{"learn":[0.1242148964],"iteration":743,"passed_time":5.675454909,"remaining_time":1.9528447},
{"learn":[0.1241477381],"iteration":744,"passed_time":5.681254984,"remaining_time":1.944590632},
{"learn":[0.1240786144],"iteration":745,"passed_time":5.687068603,"remaining_time":1.936347755},
{"learn":[0.1240468505],"iteration":746,"passed_time":5.693090816,"remaining_time":1.92818203},
{"learn":[0.1239407592],"iteration":747,"passed_time":5.699524158,"remaining_time":1.920160545},
{"learn":[0.1238737308],"iteration":748,"passed_time":5.705984803,"remaining_time":1.912152451},
{"learn":[0.1238228568],"iteration":749,"passed_time":5.711832494,"remaining_time":1.903944165},
{"learn":[0.1237521399],"iteration":750,"passed_time":5.719227877,"remaining_time":1.896255315},
{"learn":[0.1236883421],"iteration":751,"passed_time":5.725023587,"remaining_time":1.888039694},
{"learn":[0.1235850879],"iteration":752,"passed_time":5.731084176,"remaining_time":1.879917386},
{"learn":[0.1235481103],"iteration":753,"passed_time":5.736938773,"remaining_time":1.87173334},
{"learn":[0.1235018117],"iteration":754,"passed_time":5.742840552,"remaining_time":1.863570775},
{"learn":[0.1234579982],"iteration":755,"passed_time":5.748551765,"remaining_time":1.855352686},
{"learn":[0.1233611056],"iteration":756,"passed_time":5.754589391,"remaining_time":1.847246},
{"learn":[0.1232913852],"iteration":757,"passed_time":5.760718161,"remaining_time":1.839173872},
{"learn":[0.1232283027],"iteration":758,"passed_time":5.767486867,"remaining_time":1.831310059},
{"learn":[0.1231425162],"iteration":759,"passed_time":5.773516281,"remaining_time":1.823215668},
{"learn":[0.1231172274],"iteration":760,"passed_time":5.779262498,"remaining_time":1.815037762},
{"learn":[0.1230782807],"iteration":761,"passed_time":5.785988578,"remaining_time":1.807172286},
{"learn":[0.1230284032],"iteration":762,"passed_time":5.793996635,"remaining_time":1.799707998},
{"learn":[0.1229302921],"iteration":763,"passed_time":5.801190013,"remaining_time":1.791990632},
{"learn":[0.1228361508],"iteration":764,"passed_time":5.808796574,"remaining_time":1.784401562},
{"learn":[0.1227656445],"iteration":765,"passed_time":5.815447683,"remaining_time":1.776520571},
{"learn":[0.1226513335],"iteration":766,"passed_time":5.823736674,"remaining_time":1.769140345},
{"learn":[0.1225804311],"iteration":767,"passed_time":5.830535411,"remaining_time":1.761307572},
{"learn":[0.1225309069],"iteration":768,"passed_time":5.839043582,"remaining_time":1.753990985},
{"learn":[0.1224360542],"iteration":769,"passed_time":5.845635937,"remaining_time":1.746099046},
{"learn":[0.1223841836],"iteration":770,"passed_time":5.853942386,"remaining_time":1.738719593},
{"learn":[0.1222930497],"iteration":771,"passed_time":5.860138872,"remaining_time":1.730714589},
{"learn":[0.1222375045],"iteration":772,"passed_time":5.867117428,"remaining_time":1.722943928},
{"learn":[0.1221511389],"iteration":773,"passed_time":5.874236528,"remaining_time":1.715216351},
{"learn":[0.1221014734],"iteration":774,"passed_time":5.880684726,"remaining_time":1.707295566},
{"learn":[0.1220396965],"iteration":775,"passed_time":5.889216143,"remaining_time":1.699979918},
{"learn":[0.1220089519],"iteration":776,"passed_time":5.895639528,"remaining_time":1.692056132},
{"learn":[0.1219154615],"iteration":777,"passed_time":5.904446502,"remaining_time":1.684816354},
{"learn":[0.1218180593],"iteration":778,"passed_time":5.911120458,"remaining_time":1.676967421},
{"learn":[0.1217466372],"iteration":779,"passed_time":5.919576858,"remaining_time":1.669624242},
{"learn":[0.1216649593],"iteration":780,"passed_time":5.926247405,"remaining_time":1.661777441},
{"learn":[0.1215808417],"iteration":781,"passed_time":5.93371088,"remaining_time":1.654154695},
{"learn":[0.1214973472],"iteration":782,"passed_time":5.942957121,"remaining_time":1.647026431},
{"learn":[0.1214062966],"iteration":783,"passed_time":5.950693686,"remaining_time":1.639476832},
{"learn":[0.1213298588],"iteration":784,"passed_time":5.957175839,"remaining_time":1.631583192},
{"learn":[0.1212820502],"iteration":785,"passed_time":5.965043557,"remaining_time":1.624070383},
{"learn":[0.1211717759],"iteration":786,"passed_time":5.973183586,"remaining_time":1.616630373},
{"learn":[0.1211335873],"iteration":787,"passed_time":5.98388665,"remaining_time":1.609878134},
{"learn":[0.121062174],"iteration":788,"passed_time":5.991377344,"remaining_time":1.602256806},
{"learn":[0.1209622615],"iteration":789,"passed_time":5.998143586,"remaining_time":1.594443232},
{"learn":[0.1208868733],"iteration":790,"passed_time":6.011324712,"remaining_time":1.588327263},
{"learn":[0.1208400184],"iteration":791,"passed_time":6.01906684,"remaining_time":1.580765029},
{"learn":[0.1207568229],"iteration":792,"passed_time":6.028550358,"remaining_time":1.573656903},
{"learn":[0.1206313883],"iteration":793,"passed_time":6.035649053,"remaining_time":1.565924062},
{"learn":[0.1206022659],"iteration":794,"passed_time":6.047281786,"remaining_time":1.55936197},
{"learn":[0.1205283309],"iteration":795,"passed_time":6.054187518,"remaining_time":1.551575696},
{"learn":[0.1204669021],"iteration":796,"passed_time":6.064642378,"remaining_time":1.544695612},
{"learn":[0.120386294],"iteration":797,"passed_time":6.071149062,"remaining_time":1.536807156},
{"learn":[0.1203238989],"iteration":798,"passed_time":6.080385931,"remaining_time":1.529608977},
{"learn":[0.1202534065],"iteration":799,"passed_time":6.08747999,"remaining_time":1.521869998},
{"learn":[0.1201995643],"iteration":800,"passed_time":6.096887615,"remaining_time":1.51470741},
{"learn":[0.1200848471],"iteration":801,"passed_time":6.105470806,"remaining_time":1.507335685},
{"learn":[0.1200373917],"iteration":802,"passed_time":6.113468427,"remaining_time":1.499817285},
{"learn":[0.1199497748],"iteration":803,"passed_time":6.120393784,"remaining_time":1.492036296},
{"learn":[0.1198801755],"iteration":804,"passed_time":6.127470103,"remaining_time":1.484294},
{"learn":[0.1198066997],"iteration":805,"passed_time":6.134966085,"remaining_time":1.476654368},
{"learn":[0.1197531753],"iteration":806,"passed_time":6.143820394,"remaining_time":1.469339946},
{"learn":[0.1197221935],"iteration":807,"passed_time":6.151225572,"remaining_time":1.461677364},
{"learn":[0.1196026853],"iteration":808,"passed_time":6.163785472,"remaining_time":1.455232417},
{"learn":[0.1195358347],"iteration":809,"passed_time":6.172710009,"remaining_time":1.447919632},
{"learn":[0.1194930682],"iteration":810,"passed_time":6.179154894,"remaining_time":1.440025},
{"learn":[0.1193551412],"iteration":811,"passed_time":6.186364221,"remaining_time":1.432310928},
{"learn":[0.1193103387],"iteration":812,"passed_time":6.194150061,"remaining_time":1.424730703},
{"learn":[0.1192516536],"iteration":813,"passed_time":6.201845758,"remaining_time":1.417129375},
{"learn":[0.1191351161],"iteration":814,"passed_time":6.209913267,"remaining_time":1.409612214},
{"learn":[0.1190637987],"iteration":815,"passed_time":6.2157503,"remaining_time":1.401590754},
{"learn":[0.1189559755],"iteration":816,"passed_time":6.224534295,"remaining_time":1.394234732},
{"learn":[0.1189096617],"iteration":817,"passed_time":6.230592743,"remaining_time":1.386268801},
{"learn":[0.1188211176],"iteration":818,"passed_time":6.238630716,"remaining_time":1.378745006},
{"learn":[0.1187849171],"iteration":819,"passed_time":6.244523741,"remaining_time":1.370749114},
{"learn":[0.1187466263],"iteration":820,"passed_time":6.252864318,"remaining_time":1.363291977},
{"learn":[0.1186917345],"iteration":821,"passed_time":6.259704301,"remaining_time":1.355507744},
{"learn":[0.1186051999],"iteration":822,"passed_time":6.265355404,"remaining_time":1.347470117},
{"learn":[0.1185437207],"iteration":823,"passed_time":6.273866292,"remaining_time":1.340049111},
{"learn":[0.1184817559],"iteration":824,"passed_time":6.279879363,"remaining_time":1.332095622},
{"learn":[0.1183977543],"iteration":825,"passed_time":6.28707124,"remaining_time":1.324395152},
{"learn":[0.1183705481],"iteration":826,"passed_time":6.292783818,"remaining_time":1.316386458},
{"learn":[0.1182622354],"iteration":827,"passed_time":6.299633746,"remaining_time":1.30861957},
{"learn":[0.1181553911],"iteration":828,"passed_time":6.30619047,"remaining_time":1.300794415},
{"learn":[0.1181133803],"iteration":829,"passed_time":6.312001864,"remaining_time":1.292819659},
{"learn":[0.1180316923],"iteration":830,"passed_time":6.318856712,"remaining_time":1.285062316},
{"learn":[0.117967265],"iteration":831,"passed_time":6.324892302,"remaining_time":1.277141715},
{"learn":[0.1179236003],"iteration":832,"passed_time":6.330656446,"remaining_time":1.26917122},
{"learn":[0.1178189649],"iteration":833,"passed_time":6.337217621,"remaining_time":1.261364658},
{"learn":[0.1177379845],"iteration":834,"passed_time":6.342935462,"remaining_time":1.253394433},
{"learn":[0.1176314947],"iteration":835,"passed_time":6.350003716,"remaining_time":1.245694509},
{"learn":[0.1175714309],"iteration":836,"passed_time":6.356093844,"remaining_time":1.237805611},
{"learn":[0.1175047897],"iteration":837,"passed_time":6.361902628,"remaining_time":1.229866618},
{"learn":[0.1174428728],"iteration":838,"passed_time":6.368402717,"remaining_time":1.22206536},
{"learn":[0.1173854303],"iteration":839,"passed_time":6.374102858,"remaining_time":1.21411483},
{"learn":[0.1173571039],"iteration":840,"passed_time":6.379583376,"remaining_time":1.206128129},
{"learn":[0.1172595112],"iteration":841,"passed_time":6.386039522,"remaining_time":1.198330457},
{"learn":[0.1171840007],"iteration":842,"passed_time":6.391611509,"remaining_time":1.190371301},
{"learn":[0.1171482379],"iteration":843,"passed_time":6.398534751,"remaining_time":1.182667561},
{"learn":[0.1170658775],"iteration":844,"passed_time":6.404444873,"remaining_time":1.174779829},
{"learn":[0.1170169058],"iteration":845,"passed_time":6.410002732,"remaining_time":1.166832649},
{"learn":[0.1169818734],"iteration":846,"passed_time":6.417285968,"remaining_time":1.159202778},
{"learn":[0.1169385305],"iteration":847,"passed_time":6.423278494,"remaining_time":1.151342372},
{"learn":[0.1169117317],"iteration":848,"passed_time":6.429505702,"remaining_time":1.143528105},
{"learn":[0.1168498968],"iteration":849,"passed_time":6.435535013,"remaining_time":1.135682649},
{"learn":[0.1167603977],"iteration":850,"passed_time":6.441162692,"remaining_time":1.127771141},
{"learn":[0.1167045321],"iteration":851,"passed_time":6.447641534,"remaining_time":1.120012849},
{"learn":[0.1166558808],"iteration":852,"passed_time":6.45323387,"remaining_time":1.112104782},
{"learn":[0.1165996304],"iteration":853,"passed_time":6.459135796,"remaining_time":1.104255066},
{"learn":[0.1165227991],"iteration":854,"passed_time":6.465482384,"remaining_time":1.096485317},
{"learn":[0.1164204847],"iteration":855,"passed_time":6.47132973,"remaining_time":1.088634908},
{"learn":[0.1163844192],"iteration":856,"passed_time":6.477826907,"remaining_time":1.080897605},
{"learn":[0.1163034225],"iteration":857,"passed_time":6.485519605,"remaining_time":1.073361054},
{"learn":[0.1162090428],"iteration":858,"passed_time":6.492018576,"remaining_time":1.065628195},
{"learn":[0.1161419803],"iteration":859,"passed_time":6.499632356,"remaining_time":1.058079686},
{"learn":[0.1161086824],"iteration":860,"passed_time":6.505816818,"remaining_time":1.050300276},
{"learn":[0.1160558986],"iteration":861,"passed_time":6.512486714,"remaining_time":1.042602281},
{"learn":[0.1159971101],"iteration":862,"passed_time":6.518342147,"remaining_time":1.034777374},
{"learn":[0.1159009908],"iteration":863,"passed_time":6.524374659,"remaining_time":1.0269849},
{"learn":[0.11584345],"iteration":864,"passed_time":6.531334589,"remaining_time":1.019341236},
{"learn":[0.1157952326],"iteration":865,"passed_time":6.537870779,"remaining_time":1.011633585},
{"learn":[0.1157364845],"iteration":866,"passed_time":6.54577689,"remaining_time":1.004138785},
{"learn":[0.115673648],"iteration":867,"passed_time":6.553642419,"remaining_time":0.9966368655},
{"learn":[0.115616724],"iteration":868,"passed_time":6.56107961,"remaining_time":0.9890695385},
{"learn":[0.1155400856],"iteration":869,"passed_time":6.568498601,"remaining_time":0.9814997909},
{"learn":[0.1154948971],"iteration":870,"passed_time":6.574653379,"remaining_time":0.9737431526},
{"learn":[0.11542513],"iteration":871,"passed_time":6.582657666,"remaining_time":0.9662616758},
{"learn":[0.1153779825],"iteration":872,"passed_time":6.588935036,"remaining_time":0.9585277773},
{"learn":[0.1152864272],"iteration":873,"passed_time":6.596237961,"remaining_time":0.9509450608},
{"learn":[0.115201863],"iteration":874,"passed_time":6.602710711,"remaining_time":0.9432443873},
{"learn":[0.1150948799],"iteration":875,"passed_time":6.610363581,"remaining_time":0.9357135663},
{"learn":[0.115063357],"iteration":876,"passed_time":6.616855165,"remaining_time":0.9280195955},
{"learn":[0.1150054629],"iteration":877,"passed_time":6.623135485,"remaining_time":0.9202990081},
{"learn":[0.1149602226],"iteration":878,"passed_time":6.631759892,"remaining_time":0.9129043765},
{"learn":[0.1148944532],"iteration":879,"passed_time":6.637791759,"remaining_time":0.9051534217},
{"learn":[0.1148184948],"iteration":880,"passed_time":6.645198717,"remaining_time":0.8975921082},
{"learn":[0.1147109302],"iteration":881,"passed_time":6.651410473,"remaining_time":0.8898712424},
{"learn":[0.1146444278],"iteration":882,"passed_time":6.658829596,"remaining_time":0.8823137743},
{"learn":[0.1145959405],"iteration":883,"passed_time":6.665102037,"remaining_time":0.8746061497},
{"learn":[0.1145354465],"iteration":884,"passed_time":6.671331569,"remaining_time":0.8668961926},
{"learn":[0.1144819651],"iteration":885,"passed_time":6.680400784,"remaining_time":0.8595549541},
{"learn":[0.114417862],"iteration":886,"passed_time":6.687773154,"remaining_time":0.8519936487},
{"learn":[0.1143506254],"iteration":887,"passed_time":6.697162346,"remaining_time":0.8446871427},
{"learn":[0.1142814765],"iteration":888,"passed_time":6.703438224,"remaining_time":0.8369872249},
{"learn":[0.1141832152],"iteration":889,"passed_time":6.712392136,"remaining_time":0.8296214999},
{"learn":[0.1141227112],"iteration":890,"passed_time":6.719078547,"remaining_time":0.8219748167},
{"learn":[0.1140318686],"iteration":891,"passed_time":6.727705618,"remaining_time":0.8145652542},
{"learn":[0.113977682],"iteration":892,"passed_time":6.734620419,"remaining_time":0.8069477994},
{"learn":[0.1139072312],"iteration":893,"passed_time":6.743132269,"remaining_time":0.7995212758},
{"learn":[0.1138459665],"iteration":894,"passed_time":6.749849908,"remaining_time":0.7918818328},
{"learn":[0.113747791],"iteration":895,"passed_time":6.758455402,"remaining_time":0.7844635735},
{"learn":[0.1136818475],"iteration":896,"passed_time":6.765157583,"remaining_time":0.7768241148},
{"learn":[0.113645686],"iteration":897,"passed_time":6.772835618,"remaining_time":0.7692975869},
{"learn":[0.1136046162],"iteration":898,"passed_time":6.779887152,"remaining_time":0.7617003363},
{"learn":[0.1135095112],"iteration":899,"passed_time":6.786671535,"remaining_time":0.754074615},
{"learn":[0.113465294],"iteration":900,"passed_time":6.794244784,"remaining_time":0.7465374402},
{"learn":[0.1134012174],"iteration":901,"passed_time":6.801840043,"remaining_time":0.7390025767},
{"learn":[0.1133088485],"iteration":902,"passed_time":6.810393246,"remaining_time":0.7315704816},
{"learn":[0.1132468193],"iteration":903,"passed_time":6.81715495,"remaining_time":0.7239456584},
{"learn":[0.1131814359],"iteration":904,"passed_time":6.825221599,"remaining_time":0.7164597259},
{"learn":[0.113118453],"iteration":905,"passed_time":6.832143987,"remaining_time":0.7088537912},
{"learn":[0.1130502098],"iteration":906,"passed_time":6.839350699,"remaining_time":0.7012785171},
{"learn":[0.1129983342],"iteration":907,"passed_time":6.845539867,"remaining_time":0.6936009557},
{"learn":[0.1129237394],"iteration":908,"passed_time":6.852602983,"remaining_time":0.68601416},
{"learn":[0.1128516929],"iteration":909,"passed_time":6.859094294,"remaining_time":0.6783719631},
{"learn":[0.1128168257],"iteration":910,"passed_time":6.86480991,"remaining_time":0.6706565115},
{"learn":[0.1127467181],"iteration":911,"passed_time":6.871507761,"remaining_time":0.6630402225},
{"learn":[0.1126767706],"iteration":912,"passed_time":6.87751113,"remaining_time":0.6553597681},
{"learn":[0.1126311153],"iteration":913,"passed_time":6.883387619,"remaining_time":0.6476710451},
{"learn":[0.1125635848],"iteration":914,"passed_time":6.890686116,"remaining_time":0.6401183824},
{"learn":[0.1124796867],"iteration":915,"passed_time":6.896653878,"remaining_time":0.6324442421},
{"learn":[0.1124288443],"iteration":916,"passed_time":6.903557014,"remaining_time":0.6248584865},
{"learn":[0.1123469633],"iteration":917,"passed_time":6.909407702,"remaining_time":0.6171802087},
{"learn":[0.1123201973],"iteration":918,"passed_time":6.915211647,"remaining_time":0.6095017883},
{"learn":[0.1122692451],"iteration":919,"passed_time":6.922218746,"remaining_time":0.6019320649},
{"learn":[0.112180127],"iteration":920,"passed_time":6.92788185,"remaining_time":0.5942482803},
{"learn":[0.1121188068],"iteration":921,"passed_time":6.93446746,"remaining_time":0.5866469218},
{"learn":[0.1120284411],"iteration":922,"passed_time":6.94013474,"remaining_time":0.5789711538},
{"learn":[0.111975545],"iteration":923,"passed_time":6.945705023,"remaining_time":0.5712917551},
{"learn":[0.1119465147],"iteration":924,"passed_time":6.952050642,"remaining_time":0.5636797817},
{"learn":[0.1118997695],"iteration":925,"passed_time":6.957738624,"remaining_time":0.5560179894},
{"learn":[0.1118251584],"iteration":926,"passed_time":6.963577727,"remaining_time":0.5483723561},
{"learn":[0.1117466165],"iteration":927,"passed_time":6.970340529,"remaining_time":0.5408022824},
{"learn":[0.1117053637],"iteration":928,"passed_time":6.975854486,"remaining_time":0.5331385022},
{"learn":[0.1116496545],"iteration":929,"passed_time":6.982655246,"remaining_time":0.5255762013},
{"learn":[0.1115800376],"iteration":930,"passed_time":6.988409763,"remaining_time":0.5179379953},
{"learn":[0.1115423864],"iteration":931,"passed_time":6.994313234,"remaining_time":0.5103146995},
{"learn":[0.1114700913],"iteration":932,"passed_time":7.000890219,"remaining_time":0.5027434563},
{"learn":[0.1114010609],"iteration":933,"passed_time":7.006748406,"remaining_time":0.4951235491},
{"learn":[0.111304731],"iteration":934,"passed_time":7.012831266,"remaining_time":0.4875230292},
{"learn":[0.1112441588],"iteration":935,"passed_time":7.019591467,"remaining_time":0.4799720661},
{"learn":[0.1112124491],"iteration":936,"passed_time":7.025597224,"remaining_time":0.4723720652},
{"learn":[0.1111647641],"iteration":937,"passed_time":7.033362649,"remaining_time":0.4648917743},
{"learn":[0.1111079322],"iteration":938,"passed_time":7.039386813,"remaining_time":0.4572977589},
{"learn":[0.111027734],"iteration":939,"passed_time":7.045171429,"remaining_time":0.4496917933},
{"learn":[0.1109846685],"iteration":940,"passed_time":7.052105021,"remaining_time":0.4421617388},
{"learn":[0.1109454216],"iteration":941,"passed_time":7.058226729,"remaining_time":0.4345829621},
{"learn":[0.1108887032],"iteration":942,"passed_time":7.065517553,"remaining_time":0.4270779433},
{"learn":[0.1108251766],"iteration":943,"passed_time":7.071864166,"remaining_time":0.4195173658},
{"learn":[0.1107351729],"iteration":944,"passed_time":7.078171164,"remaining_time":0.4119570519},
{"learn":[0.1107144961],"iteration":945,"passed_time":7.085680752,"remaining_time":0.4044680345},
{"learn":[0.1106424344],"iteration":946,"passed_time":7.091451957,"remaining_time":0.3968816829},
{"learn":[0.1105888394],"iteration":947,"passed_time":7.099500901,"remaining_time":0.3894241},
{"learn":[0.1105123777],"iteration":948,"passed_time":7.105742991,"remaining_time":0.3818681692},
{"learn":[0.1104855146],"iteration":949,"passed_time":7.112990641,"remaining_time":0.3743679285},
{"learn":[0.1104091538],"iteration":950,"passed_time":7.119509027,"remaining_time":0.3668306439},
{"learn":[0.1103591528],"iteration":951,"passed_time":7.125202141,"remaining_time":0.3592538895},
{"learn":[0.1102916147],"iteration":952,"passed_time":7.133095588,"remaining_time":0.351789604},
{"learn":[0.110247332],"iteration":953,"passed_time":7.139402004,"remaining_time":0.3442478954},
{"learn":[0.1101756399],"iteration":954,"passed_time":7.147107894,"remaining_time":0.3367747175},
{"learn":[0.1100687527],"iteration":955,"passed_time":7.153404472,"remaining_time":0.3292361891},
{"learn":[0.1099927287],"iteration":956,"passed_time":7.159933564,"remaining_time":0.3217107035},
{"learn":[0.1099678133],"iteration":957,"passed_time":7.167477644,"remaining_time":0.3142317965},
{"learn":[0.1098971228],"iteration":958,"passed_time":7.173319104,"remaining_time":0.3066799617},
{"learn":[0.1098467383],"iteration":959,"passed_time":7.180723571,"remaining_time":0.2991968155},
{"learn":[0.109810124],"iteration":960,"passed_time":7.186747405,"remaining_time":0.2916578031},
{"learn":[0.1097120217],"iteration":961,"passed_time":7.194764497,"remaining_time":0.2842006766},
{"learn":[0.1096703565],"iteration":962,"passed_time":7.202993967,"remaining_time":0.276750547},
{"learn":[0.1096133252],"iteration":963,"passed_time":7.209855379,"remaining_time":0.2692477113},
{"learn":[0.1095637947],"iteration":964,"passed_time":7.216988674,"remaining_time":0.2617560659},
{"learn":[0.1095231336],"iteration":965,"passed_time":7.222692622,"remaining_time":0.2542148542},
{"learn":[0.1094695941],"iteration":966,"passed_time":7.231283555,"remaining_time":0.2467759641},
{"learn":[0.1094348519],"iteration":967,"passed_time":7.237310526,"remaining_time":0.2392499347},
{"learn":[0.1093594649],"iteration":968,"passed_time":7.244597029,"remaining_time":0.231767294},
{"learn":[0.1093220332],"iteration":969,"passed_time":7.251077207,"remaining_time":0.2242601198},
{"learn":[0.1092269559],"iteration":970,"passed_time":7.25779384,"remaining_time":0.2167621229},
{"learn":[0.1091725915],"iteration":971,"passed_time":7.265411196,"remaining_time":0.2092916805},
{"learn":[0.1091037049],"iteration":972,"passed_time":7.271433433,"remaining_time":0.2017766729},
{"learn":[0.1090501351],"iteration":973,"passed_time":7.280104292,"remaining_time":0.1943354328},
{"learn":[0.1089420445],"iteration":974,"passed_time":7.2861387,"remaining_time":0.1868240692},
{"learn":[0.1088930186],"iteration":975,"passed_time":7.293270484,"remaining_time":0.1793427168},
{"learn":[0.1088092504],"iteration":976,"passed_time":7.300064845,"remaining_time":0.1718541366},
{"learn":[0.1087463066],"iteration":977,"passed_time":7.307471369,"remaining_time":0.1643807465},
{"learn":[0.1086999222],"iteration":978,"passed_time":7.31389792,"remaining_time":0.1568864722},
{"learn":[0.1086600407],"iteration":979,"passed_time":7.319898757,"remaining_time":0.1493856889},
{"learn":[0.1085902295],"iteration":980,"passed_time":7.328662905,"remaining_time":0.1419414834},
{"learn":[0.1085503631],"iteration":981,"passed_time":7.33467513,"remaining_time":0.134444147},
{"learn":[0.1084813529],"iteration":982,"passed_time":7.342823238,"remaining_time":0.1269867701},
{"learn":[0.1084043601],"iteration":983,"passed_time":7.349504761,"remaining_time":0.1195041425},
{"learn":[0.1083661211],"iteration":984,"passed_time":7.356896719,"remaining_time":0.1120339602},
{"learn":[0.1083125046],"iteration":985,"passed_time":7.363598573,"remaining_time":0.104554138},
{"learn":[0.1082568698],"iteration":986,"passed_time":7.36991025,"remaining_time":0.09707075304},
{"learn":[0.108194138],"iteration":987,"passed_time":7.379820076,"remaining_time":0.08963344222},
{"learn":[0.1081725718],"iteration":988,"passed_time":7.385772528,"remaining_time":0.08214711609},
{"learn":[0.1081098842],"iteration":989,"passed_time":7.39505921,"remaining_time":0.07469756777},
{"learn":[0.1080328182],"iteration":990,"passed_time":7.401114908,"remaining_time":0.06721496889},
{"learn":[0.1079765754],"iteration":991,"passed_time":7.409446055,"remaining_time":0.05975359721},
{"learn":[0.1078711288],"iteration":992,"passed_time":7.416003,"remaining_time":0.05227796677},
{"learn":[0.1078288265],"iteration":993,"passed_time":7.423396264,"remaining_time":0.04480923298},
{"learn":[0.1077595968],"iteration":994,"passed_time":7.429997381,"remaining_time":0.03733667026},
{"learn":[0.1076953588],"iteration":995,"passed_time":7.437065498,"remaining_time":0.02986773293},
{"learn":[0.1076265037],"iteration":996,"passed_time":7.444801765,"remaining_time":0.02240161012},
{"learn":[0.1075748237],"iteration":997,"passed_time":7.451261254,"remaining_time":0.01493238728},
{"learn":[0.1075241389],"iteration":998,"passed_time":7.459149359,"remaining_time":0.007466615975},
{"learn":[0.1074759771],"iteration":999,"passed_time":7.465277134,"remaining_time":0}
]}